ticker,qend,rev_growth_yoy,gross_margin,op_margin,net_margin,roa,roe,asset_turnover,current_ratio,debt_to_equity,lt_debt_to_assets,cash_to_assets,interest_cov,ocf_to_revenue,fcf_to_revenue,capex_to_revenue,log_assets,log_revenue,mom_3m,mom_6m,mom_12m,vol_90d,rel_mom_3m,spy_mom_3m,spy_vol_90d,fwd_ret_90d,spy_fwd_ret_90d,excess_ret_90d,target_up,target
AAPL,2024-12-31,,0.4688254223652454,0.34458567980691873,0.2922767497988737,0.10558437595361611,0.5442044399173133,0.361247947454844,0.9229383853427077,4.154213727193745,0.24399784936861532,0.08805673016841768,,0.2408286403861625,0.21717618664521318,0.023652453740949316,26.56415455682061,25.545963835463077,0.10545684150698831,0.10888798699092961,0.3555635467608005,0.18751909728481633,0.0717183110226205,0.03373853048436781,0.12679056892573304,-0.11199494975022306,-0.04266863094930573,-0.06932631880091733,0,0
AAPL,2025-03-31,,0.47050619238876246,0.31029058610094484,0.25986010759341016,0.07481138654663032,0.3709802982214504,0.2878910011985521,0.8208700223419635,3.958874782921133,0.23719255025918312,0.08502172186949972,,0.25117713063266184,0.2189725143929781,0.03220461623968372,26.52608789217517,25.280914553631284,-0.11199494975022306,-0.01834874190862701,0.3125850909976735,0.25352100263262584,-0.06932631880091733,-0.04266863094930573,0.152735245381666,-0.07514043931220316,0.10777191871295244,-0.1829123580251556,0,0
AAPL,2025-06-30,,0.4649070568718363,0.2999064188183249,0.24920243311072354,0.07069186563899908,0.355977517849005,0.283672453581502,0.8679917800453515,4.035622056813003,0.24866136744143955,0.10941039834688306,,0.29634395337955677,0.25952826577055593,0.03681568760900081,26.52687856350232,25.266943524622185,-0.079532909177227,-0.15659247512084495,-0.048998684653824065,0.43772410393138667,-0.18418477321774485,0.10465186404051785,0.2871056750993482,0.24150092784695643,0.07715462675611473,0.1643463010908417,1,1
AAPL,2025-09-30,,0.47177600374758455,0.3164659496808698,0.2680498897195167,0.076455638415437,0.3725062048200941,0.2852291358725758,0.8932929222186667,3.872187487285205,0.21803747345097024,0.10002755810166435,,0.2901255050455761,0.2584857416118517,0.031639763433724356,26.607259309399666,25.35279687318076,0.19995749349974745,0.25622948764691933,0.0979186416138389,0.2372845962713427,0.12327618357697312,0.07668130992277433,0.0997097149141706,0.07617086441230936,0.03557971664155657,0.04059114777075279,1,1
AAPL,2025-12-31,0.15652453740949257,0.4815868555051615,0.35373827875010433,0.292836472912435,0.11098690472110247,0.4773443701099898,0.37900642504422655,0.9737446648641658,3.300907132327928,0.2021766583969818,0.1194762943023541,,0.3751147778179693,0.3586076407245611,0.016507137093408276,26.661585376303368,25.691383254883252,0.058311048304635404,0.27573094171946266,0.09052605808681724,0.20168936420925662,0.03632262940208153,0.021988418902553875,0.11473373685833697,-0.06559447324600731,-0.04370584558740376,-0.021888627658603554,0,0
MSFT,2025-03-31,,0.6871663859789342,0.456712242742557,0.3685667798932435,0.045899215106358776,0.08022591498364354,0.12453432487771585,1.3715916852004273,0.7478711737824295,0.07088570697304061,0.0512384825389603,53.823232323232325,0.5287015100048525,0.2897125567322239,0.23898895327262867,27.055877391175123,24.972703491928026,-0.10760927968068656,-0.0964552560004891,-0.10908450524853996,0.24001501246884965,-0.06494064873138083,-0.04266863094930573,0.152735245381666,0.3274812458912988,0.10777191871295244,0.21970932717834635,1,1
MSFT,2025-06-30,,0.6858492170432098,0.44901296424693554,0.3562616920239139,0.043994940250693455,0.07928577875212167,0.12349051620105234,1.3534464445042416,0.8021567548525529,0.06486559838966854,0.04885598292738484,54.03414634146341,0.5579074057115946,0.3344801873340223,0.22342721837757223,27.15137595614592,25.059785038388853,0.3038623867568415,0.19289593262480476,0.09741789442518312,0.300807440988737,0.19921052271632367,0.10465186404051785,0.2871056750993482,0.036259622418890025,0.07715462675611473,-0.040895004337224705,1,0
MSFT,2025-09-30,,0.6904587179586213,0.48872838695557014,0.35722838051832684,0.04360329440827468,0.07642201632716016,0.12205999519133308,1.4005303860855136,0.7526661084731572,0.05559196104036923,0.04533504308156976,50.14183381088825,0.5800857440809548,0.33039795038172853,0.24968779369922625,27.17901613484548,25.07577354358376,0.05642849718330978,0.3930312757197576,0.21273202370143562,0.15500096335634816,-0.020252812739464554,0.07668130992277433,0.0997097149141706,-0.05780160126357381,0.03557971664155657,-0.09338131790513038,0,0
MSFT,2025-12-31,,0.6803612515841669,0.47094360980891564,0.473195280105324,0.05780532750540356,0.09838951071314359,0.12215956062059034,1.3860236144763662,0.7020837863767189,0.05324649557644498,0.03651875388921121,66.55163043478261,0.43997391507634764,0.07237335892608862,0.367600556150259,27.223506909852368,25.121079695020622,-0.06052436561277319,-0.027099575469048176,0.15584234631031446,0.17785958749753444,-0.08251278451532706,0.021988418902553875,0.11473373685833697,-0.23283795786928385,-0.04370584558740376,-0.1891321122818801,0,0
GOOGL,2024-09-30,,,,,,,,,,,,,,,,,,-0.10348688597512201,0.07320351568660244,0.23917934035838329,0.24382384847634608,-0.1517736468140659,0.0482867608389439,0.1386946980293202,0.15441155582213817,0.028652561032577628,0.12575899478956054,1,1
GOOGL,2024-12-31,,0.5790046543449191,0.3210565051985612,0.2750728213208388,0.058935361216730035,0.08162813303638444,0.2142536690238442,1.8369313974102914,0.38504509603671666,0.02417069400518816,0.052117017874275966,609.3584905660377,0.40544630917704133,0.2574609460033793,0.147985363173662,26.833082146843726,25.29248755015828,0.14263208527718008,-0.004362900646432966,0.3750179548066659,0.2758378693037609,0.10889355479281226,0.03373853048436781,0.12679056892573304,-0.1821548264238505,-0.04266863094930573,-0.13948619547454477,0,0
GOOGL,2025-03-31,,0.5970365937451515,0.3391847862224882,0.38278254316554733,0.07265858040195719,0.10003852091280081,0.18981685998813566,1.7680843171056364,0.376830105396693,0.022899864106997857,0.0489383096256842,1230.0882352941176,0.4006250415586143,0.2100427776669548,0.19058226389165947,26.887367699590204,25.225672133123943,-0.1821548264238505,-0.06550386388280693,-0.0007118077869634476,0.3413621592975869,-0.13948619547454477,-0.04266863094930573,0.152735245381666,0.14099437128711845,0.10777191871295244,0.033222452574166006,1,1
GOOGL,2025-06-30,,0.5951487119923674,0.3242937735927324,0.2924046957315303,0.05616140128631838,0.07769290965402462,0.1920673713731419,1.9037452754552744,0.3833862381377509,0.04702093205299042,0.04189995876929328,131.01149425287358,0.28774837184220353,0.054973659103165054,0.23277471273903846,26.94197152875445,25.292062452820144,0.12334217506631306,-0.06748369695618517,-0.03227671591822456,0.37022369092433227,0.018690311025795214,0.10465186404051785,0.2871056750993482,0.3860764607081135,0.07715462675611473,0.3089218339519988,1,1
GOOGL,2025-09-30,,0.5957927031833193,0.30512184159615424,0.34177202821800556,0.06520227636638837,0.09041608614846963,0.19077709988834396,1.7473329984932195,0.3867013728232183,0.04027632537947207,0.043040697598556485,308.6013986013986,0.4730424247161589,0.2390029898579329,0.234039434858226,27.008274615427872,25.3516250667072,0.3620546835807148,0.6163215050000228,0.4722463558169192,0.26282662518020894,0.28537337365794047,0.07668130992277433,0.0997097149141706,0.2906831773452332,0.03557971664155657,0.2551034607036766,1,1
GOOGL,2025-12-31,0.1799541821725117,0.597931985697845,0.315684052394381,0.3026908784228975,0.05788022799316625,0.08297111483028909,0.19121893693902545,2.005333592875566,0.4334966828410774,0.07819332382521868,0.05158572170117978,132.26510067114094,0.4603572024703722,0.21568317388363248,0.24467402858673976,27.11229939991574,25.45796315921464,0.2747964435892596,0.7461419910835614,0.6599357965754611,0.30712738022613456,0.2528080246867057,0.021988418902553875,0.11473373685833697,-0.08063121995549105,-0.04370584558740376,-0.036925374368087294,0,0
META,2024-12-31,,0.8173194171747442,0.48287692466673554,0.43067066239537044,0.07548523115042709,0.11409517239113652,0.17527367833829613,2.9778842719371355,0.5114900047635473,0.10442159867272345,0.15898700978794003,94.83266932270917,0.5784437325617443,0.2803141469463677,0.29812958561537667,26.343862335700084,24.602455685279317,0.0229961174023523,0.08636886864920745,0.6972673207105824,0.2475557939260652,-0.010742413082015512,0.03373853048436781,0.12679056892573304,-0.014751751553325532,-0.04266863094930573,0.0279168793959802,0,1
META,2025-03-31,,0.8210521340454696,0.414874509618566,0.39334499220116276,0.059397672484859734,0.0899534667538602,0.15100655572725033,2.6623487754499853,0.514427468126618,0.10288245013614643,0.10260052174595755,77.59166666666667,0.5678026185186936,0.2619700335586331,0.3058325849600605,26.358815865204917,24.468383837507538,-0.014751751553325532,0.007905132838416318,0.1772924477534028,0.3197352986304233,0.0279168793959802,-0.04266863094930573,0.152735245381666,0.28159119769306784,0.10777191871295244,0.1738192789801154,1,1
META,2025-06-30,,0.821302298173247,0.43019193534809325,0.38591211381429413,0.06221331053388703,0.09400215307325575,0.16121108487365307,1.9732743600053613,0.5109652945096632,0.09782048150259208,0.04073026083652254,86.20331950207469,0.5379451132250189,0.1898939304655274,0.34805118275949154,26.409373019922604,24.584332333373705,0.2605085714243922,0.23375456118258486,0.4674989911694254,0.47707484673572803,0.15585670738387436,0.10465186404051785,0.2871056750993482,0.007873988989047565,0.07715462675611473,-0.06928063776706717,1,0
META,2025-09-30,,0.820342687639046,0.4007454822216151,0.05286678896217946,0.008915759402851463,0.013959168530293817,0.16864575242558683,1.9784079225066291,0.5656735337462513,0.09489738155105909,0.03352707310330301,96.431718061674,0.5854377268646813,0.21798524647749892,0.36745248038718237,26.439780248747322,24.65982534521946,0.02985783546768328,0.3833963321088296,0.28692814721986615,0.287286393611328,-0.04682347445509105,0.07668130992277433,0.0997097149141706,-0.10233505797081299,0.03557971664155657,-0.13791477461236956,0,0
META,2025-12-31,0.23784230649994753,0.8179086036765565,0.4131534569983137,0.3801445911876179,0.062204081186598585,0.10480429749174887,0.16363268774196016,2.5987666124868536,0.6848460019425252,0.16049352359564067,0.09800803779018144,56.60087719298246,0.6046449501611206,0.2476249311271768,0.35702001903394387,26.62595654575096,24.815825473803258,-0.09135772342272996,-0.08057716981323115,0.1309309528688718,0.30438156998064997,-0.11334614232528384,0.021988418902553875,0.11473373685833697,-0.13251246128997363,-0.04370584558740376,-0.08880661570256987,0,0
NVDA,2025-01-31,,0.7302890849457171,0.6110701482291322,0.5616689125626096,0.1979462549618731,0.2784802148070644,0.3524251574806677,4.439851498864077,0.4068476054811098,0.07583265382926677,0.07696167597064542,414.39344262295083,0.4227962675751951,0.3954132872289034,0.02738298034629173,25.438195847426954,24.395278848950447,-0.11315902479544382,0.19550568901423326,0.9055967348947944,0.5221849434105778,-0.1706078514238537,0.05744882662840989,0.12446900946809711,-0.07037341428595034,-0.06923995007834982,-0.0011334642076005208,0,0
NVDA,2025-04-30,,0.6052380736235304,0.49108074985248057,0.4261041260042667,0.14989541252175578,0.2239304414202736,0.3517811806409376,3.3884032853590536,0.4939112388631132,0.06757468823350951,0.12162485828795887,348.77777777777777,0.62216876219872,0.5943216376923426,0.02784712450637738,25.55360951252918,24.508863569936786,-0.12611305342252332,-0.19543933032222904,0.26103297990890484,0.7067159132015058,-0.045404688150188166,-0.08070836527233516,0.2872018655554853,0.6114781211347469,0.14894869085933826,0.4625294302754086,1,1
NVDA,2025-07-31,,0.724236784117408,0.6084333483088377,0.5652611086151937,0.1877362512434276,0.2638743246347285,0.332123063805599,4.2140000824504265,0.4055587180793161,0.06015347449197101,0.08269859315049026,504.3225806451613,0.32871232056136745,0.2881714909184263,0.04054082964294119,25.670180053484813,24.56793034884974,0.5535575384213856,0.4816249763231393,0.520476885131826,0.5064075871744288,0.43500893215520664,0.11854860626617891,0.2704254458571714,0.16406186521075883,0.0905196536687436,0.07354221154201523,1,1
NVDA,2025-10-31,,0.7341157071185489,0.6316878925025436,0.5597656387046978,0.19801672996251893,0.2683835588786933,0.3537493484250503,4.467574304889741,0.3553579989402592,0.046342492615483906,0.07127609402536798,622.9016393442623,0.41664035364698454,0.3879416201803319,0.028698733466652634,25.80558903433345,24.76642236239908,0.1656770934818539,0.7792610173582477,0.5256709412666967,0.3056654850697157,0.06558208907418805,0.10009500440766583,0.10136039810083156,-0.049233517583334496,0.020571201164332642,-0.06980471874766714,0,0
NVDA,2026-01-31,0.7321451272533115,0.7499669734466511,0.6502414608011508,0.630586991941521,0.2077339303588439,0.27312086361122234,0.3294294570194823,3.905263812455306,0.3147628947251308,0.03611649734288187,0.05128068741749394,691.3835616438356,0.531184405595432,0.5123372524843307,0.018847153111101324,26.05503248624529,24.944639447297053,-0.05604898903664257,0.06195233040428949,0.533752686469549,0.34399031799782503,-0.07357625468204632,0.017527265645403745,0.11789167626409232,0.04421495897316907,0.041407409883890134,0.002807549089278938,1,1
AMD,2024-09-30,,,,,,,,,,,,,,,,,,-0.00139976709242573,-0.09232727801594043,0.5888448452086892,0.4890347801470536,-0.04968652793136963,0.0482867608389439,0.1386946980293202,-0.2537786380117374,0.028652561032577628,-0.282431199044315,0,0
AMD,2024-12-31,,0.5069208670671194,0.1380255941499086,0.06294071559153826,0.006962701875018057,0.008372707059477487,0.11062317626325369,2.6162615025408598,0.2025083379655364,0.024860601508103892,0.054704879669488345,47.78947368421053,0.16962653434317054,0.1424653956646644,0.027161138678506138,24.96064235154735,22.759016690001513,-0.24402302016303168,-0.29732399532099296,-0.12837350758023114,0.4334845812338545,-0.2777615506473995,0.03373853048436781,0.12679056892573304,-0.1494329242068705,-0.04266863094930573,-0.10676429325756476,0,0
AMD,2025-03-31,,0.5022855606345792,0.10836246302769562,0.0953213229362732,0.009909154437456325,0.012249270054076467,0.10395527603074772,2.8034532000519277,0.2361569426927662,0.04496156533892383,0.08454227812718379,42.25,0.12624361387469749,0.09774132831406292,0.02850228556063458,24.99366234294887,22.72986783244929,-0.1494329242068705,-0.3569908708931482,-0.4396203778993073,0.41333607683759005,-0.10676429325756476,-0.04266863094930573,0.152735245381666,0.3811562862269078,0.10777191871295244,0.27338436751395534,1,1
AMD,2025-06-30,,0.39804814573845154,-0.017436564736499675,0.11346779440468445,0.01165463779738038,0.01461493337802732,0.10271317829457365,2.491008838768668,0.25400150842202296,0.04300989040363539,0.05936915263298583,-0.9473684210526315,0.2616785946649317,0.22498373454782042,0.036694860117111254,25.03835106586641,22.762536213936972,0.38061875444454185,0.17632427362476566,-0.10013322531838409,0.6354754995706651,0.275966890404024,0.10465186404051785,0.2871056750993482,0.13713888337488722,0.07715462675611473,0.05998425661877249,1,1
AMD,2025-09-30,,0.5169803158122431,0.13735669478693488,0.1344365130867402,0.016165741114044556,0.02044744201348906,0.12024814347582942,2.3076923076923075,0.26486264188188846,0.030523728394740608,0.06253007504129222,36.54054054054054,0.23350638113778932,0.20560242266926237,0.027903958468526932,25.065654671498333,22.947456862512446,0.1679900974295463,0.7248399575942324,-0.01395665845542704,0.42021612425110166,0.09130878750677196,0.07668130992277433,0.0997097149141706,0.3326534987181542,0.03557971664155657,0.2970737820765976,1,1
AMD,2025-12-31,0.3410812222512436,0.5430379746835443,0.1705939629990263,0.14712755598831548,0.019642253594363415,0.023984507690598265,0.13350492681278112,2.850026441036489,0.22106700106350893,0.030522840132074982,0.07200426383797416,58.611111111111114,0.25316455696202533,0.23154819863680623,0.021616358325219083,25.06610975774503,23.05249286088688,0.26176874478858814,0.5528968020827456,0.7729944700627904,0.6383225692400561,0.23978032588603426,0.021988418902553875,0.11473373685833697,-0.05010277737600988,-0.04370584558740376,-0.0063969317886061194,0,0
INTC,2025-03-31,,0.36883239914739085,-0.011447067182442568,-0.06481408383989895,-0.004270658857065574,-0.008230081398612615,0.065890908334287,1.3095667309007273,0.8603893500140343,0.23361700356841897,0.04654029816585346,-0.959866220735786,0.06418252151259177,-0.34499092129154496,0.40917344280413676,25.982020831982595,23.262266023447907,0.13266832661496308,0.014292081444725824,-0.48457122276122344,0.6000812224368429,0.1753369575642688,-0.04266863094930573,0.152735245381666,-0.013650351318346687,0.10777191871295244,-0.12142227003129913,0,0
INTC,2025-06-30,,0.2754491017964072,-0.10000777665448324,-0.22692277782098141,-0.015156866819031788,-0.029811101008346698,0.06679306046125078,1.2404907624549562,0.8864562794356527,0.22868273426137545,0.05008830251402452,-11.198237885462555,0.15942141690644684,-0.11664981724861964,0.2760712341550665,25.98346588138132,23.277309792234714,0.015873033722443974,0.1078140642535026,-0.269063047332879,0.66136962759229,-0.08877883031807388,0.10465186404051785,0.2871056750993482,0.5392857200637156,0.07715462675611473,0.4621310933076008,1,1
INTC,2025-09-30,,0.3821870651138944,0.06284333113601406,0.2975902732000293,0.019866610598785413,0.03819470557268557,0.06675826593778421,1.6017277146484195,0.8252237346769948,0.21542290503339626,0.054475488230634576,17.21985815602837,0.18647916208891818,0.008862521057643008,0.17761664103127517,26.043902269743715,23.337225114649026,0.5333638265041445,0.49576454661566793,0.4300937999296899,0.6064028923419955,0.45668251658137016,0.07668130992277433,0.0997097149141706,0.0932936256122987,0.03557971664155657,0.057713908970742134,1,1
INTC,2025-12-31,,0.3614889571449466,0.040222319730876116,-0.04322071083808688,-0.00279526460419337,-0.005171463322862068,0.0646741932279867,2.017038796516231,0.7443844558588042,0.208514442200455,0.06746945783218007,2.1943462897526502,0.31358783091999415,0.05850519233581981,0.25508263858417435,26.07715508167423,23.338762056438014,-0.01072379944673596,0.6407292975283254,0.8403991486280313,0.6027895541816181,-0.032712218349289834,0.021988418902553875,0.11473373685833697,0.19593493884182478,-0.04370584558740376,0.23964078442922854,1,1
ORCL,2024-11-30,,,,,,,,,,,,,,,,,,0.31117291915879863,0.5575007249474082,0.6100198687835094,0.3205255224920351,0.238936426927014,0.07223649223178463,0.1473930770230194,-0.09939312728774718,-0.010572077104027078,-0.08882105018372011,0,0
ORCL,2025-02-28,,0.7031139419674451,0.3148619957537155,0.20778485491861287,0.018193310116620606,0.1754931261207412,0.08755840325199221,1.0166424737535023,8.614285714285714,0.5459790058124404,0.10785856808239042,4.865470852017937,0.41988676574663836,0.0050247699929228595,0.4148619957537155,25.807015276180547,23.371566033642846,-0.09939312728774718,0.19600352554740774,0.5029860613605319,0.43895306940997325,-0.08882105018372011,-0.010572077104027078,0.12951165675383244,-0.015505429787842862,-0.0039635900784568134,-0.011541839709386048,0,0
ORCL,2025-05-31,,0.701880148399673,0.3264163994214928,0.21549393196252278,0.020355070354773373,0.16757126790865973,0.09445774258884183,0.7529638819961401,7.207080338369762,0.506631583323929,0.06406471807603899,5.245398773006135,0.3871596554109288,-0.18380179840281707,0.5709614538137459,25.849376320484264,23.48977360762019,0.0003891493101075838,-0.08200787339995441,0.4294873829677601,0.5451919298559733,0.005466658890815768,-0.005077509580708184,0.2872908392478141,0.3689995462932212,0.09767193739936109,0.2713276088938601,1,1
ORCL,2025-08-31,,0.672785742998794,0.3143507972665148,0.19610076376792174,0.016220649601826554,0.12118075681046618,0.08271589202489346,0.6177960575813813,6.449573569595098,0.45572987381476204,0.057883390874984064,4.712892741061755,0.5453570950020099,-0.02425298137478226,0.5696100763767922,25.91871402631855,23.426370495655608,0.343121480068344,0.5011910923690672,0.6319533702687004,0.4026034397147152,0.2655405805835278,0.07758089948481617,0.12049834078492466,-0.10208409657645912,0.07030574645989529,-0.1723898430363544,0,0
ORCL,2025-11-30,,0.6653381492091169,0.3212106115331922,0.3820525594719143,0.029929165203137806,0.20483456311976228,0.07833782148850642,0.9092737134541606,5.8270842375880605,0.48776489872380285,0.09386586270147913,7.0,0.12865861252958027,-0.6206875077842819,0.7493461203138623,26.046197764258366,23.499473004708904,-0.10657478192151526,0.19997860123595745,0.11867382467595244,0.69574980363363,-0.17199413782702222,0.06541935590550696,0.11851082765222064,-0.27448820414882735,0.011388104840801772,-0.2858763089896291,0,0
CRM,2025-01-31,,0.7781447012909036,0.21194836385469829,0.17091964375062543,0.016594124047878127,0.027920814738528435,0.09708728431524949,1.0624374553252323,0.6825723767021399,0.08193105860407275,0.08596300326441784,,0.3972780946662664,0.38186730711498046,0.0154107875512859,25.357295551615056,23.025150684826063,0.16072851366797347,0.43352576065267723,0.21074217130387352,0.32256987583867736,0.10327968703956358,0.05744882662840989,0.12446900946809711,-0.21055559020126435,-0.06923995007834982,-0.14131564012291453,0,0
CRM,2025-04-30,,0.7695594668837115,0.20124122494658664,0.1567809543188524,0.015627218334854476,0.025401378037121287,0.0996754893012879,1.069019672673169,0.6254574226090397,0.08553899198864212,0.11082040361018153,,0.6588666191881168,0.6406552039881982,0.018211415199918608,25.31443851329065,23.008603036530904,-0.21665973390939308,-0.08577879922003395,0.0049912263150753144,0.3646500236334929,-0.13595136863705792,-0.08070836527233516,0.2872018655554853,-0.0033342616465744657,0.14894869085933826,-0.15228295250591273,0,0
CRM,2025-07-31,,0.780969128565846,0.22821414615084018,0.1843493552168816,0.019339366423088353,0.030768979911296634,0.10490607032683222,1.1242233268240724,0.5910024784763892,0.08645834400910088,0.10622815737960296,,0.07229386479093396,0.059105119187182496,0.013188745603751465,25.303866652749473,23.049176755243952,-0.059402247801845776,-0.24159749440632017,0.004053940307448434,0.3346009427108303,-0.1779508540680247,0.11854860626617891,0.2704254458571714,-0.02489876808209346,0.0905196536687436,-0.11541842175083705,0,0
CRM,2025-10-31,,0.78019300126718,0.23861974851350035,0.20333365825129154,0.02192466156562684,0.0347545025907599,0.1078260321197343,0.9837926202709014,0.5851785208510355,0.08868662238291432,0.09436222988312452,,0.22575299736816454,0.21220391851057607,0.01354907885758846,25.278657370371356,23.051421206051987,0.0403743389322615,-0.04164202105134951,-0.10084689434336536,0.2904999498518379,-0.05972066547540433,0.10009500440766583,0.10136039810083156,-0.1765847935599798,0.020571201164332642,-0.19715599472431244,0,0
CRM,2026-01-31,0.12088461923346383,0.7760914204088921,0.19239353629140254,0.1734666547629676,0.017301099683896533,0.03285313313719523,0.09973732247005922,0.760331914435045,0.8989043319468398,0.09295222830684297,0.06524197497885223,,0.48781358807249353,0.4752254263012231,0.012588161771270423,25.44448422129717,23.139268896976013,-0.1834697362119342,-0.15582233173568527,-0.37807171115058946,0.3499048907761779,-0.20099700185733793,0.017527265645403745,0.11789167626409232,-0.16636907180956695,0.041407409883890134,-0.20777648169345708,0,0
ADBE,2024-08-31,,,,,,,,,,,,,,,,,,0.2915054423333334,0.011391996822397665,0.026942370589467135,0.33244171108735443,0.21920627023848493,0.07229917209484849,0.13356672401439604,-0.1018087832782727,0.07223649223178463,-0.17404527551005733,0,0
ADBE,2024-11-30,,,,,,,,,,,,,,,,,,-0.1018087832782727,0.17518565347081339,-0.1556112266087345,0.3043103003204688,-0.17404527551005733,0.07223649223178463,0.1473930770230194,-0.14996219683977174,-0.010572077104027078,-0.13939011973574467,0,0
ADBE,2025-02-28,,0.8911445572278613,0.3785439271963598,0.3169408470423521,0.06045735269571023,0.13829705994654448,0.19075279586045735,1.1846556804539998,1.2875143184421536,0.20547487898514438,0.2256050742780838,36.193548387096776,0.4343717185859293,0.42982149107455375,0.004550227511375569,24.1229620924823,22.46618514075499,-0.14996219683977174,-0.23199773319969952,-0.21724856388515956,0.345590787654523,-0.13939011973574467,-0.010572077104027078,0.12951165675383244,-0.057460808891181214,-0.0039635900784568134,-0.0534972188127244,0,0
ADBE,2025-05-31,,0.8913672739656053,0.35910097054316364,0.2879278052102843,0.06016294873163269,0.14771139063591893,0.20895150674209273,0.9932514658701184,1.455188679245283,0.21937595616750274,0.17543672394777102,31.897058823529413,0.3730631704410012,0.3650604461093138,0.008002724331687383,24.059284492583572,22.493631413486792,-0.05351605561692252,-0.19587371847753587,-0.06903357282700084,0.37723447951085926,-0.048438546036214336,-0.005077509580708184,0.2872908392478141,-0.14066825181527354,0.09767193739936109,-0.23834018921463462,0,0
ADBE,2025-08-31,,0.8927855711422845,0.36289245156980626,0.2959251837007348,0.06162620852750922,0.15055225148683093,0.208249287055714,1.018724970234874,1.4429906542056075,0.2156221743061835,0.17326285038603326,33.64179104477612,0.3670674682698731,0.3550434201736807,0.012024048096192385,24.082042724946813,22.513023303503793,-0.1649633934313809,-0.222919182896269,-0.39473588858561093,0.25475405569182585,-0.24254429291619706,0.07758089948481617,0.12049834078492466,-0.07377831681206581,0.07030574645989529,-0.1440840632719611,0,0
ADBE,2025-11-30,,0.8952211817888279,0.36503067484662577,0.29964481756538586,0.06292378627610523,0.1596833863890562,0.20999457553566586,0.9963725490196078,1.537726920760561,0.21053702196908056,0.18412666124220234,35.303030303030305,0.5101711333548595,0.5046819502744592,0.005489183080400388,24.107520497878255,22.546846918497423,-0.06590862615362503,-0.21999950895830367,-0.3745641253994568,0.2703316661531135,-0.131327982059132,0.06541935590550696,0.11851082765222064,-0.18720768560873846,0.011388104840801772,-0.19859579044954023,0,0
CSCO,2025-01-31,,0.6512043456507755,0.2232149238796369,0.17354013294260595,0.02000411946446962,0.05332747638919394,0.11527085478887744,0.8666133586546391,1.6658247309466285,0.16168898043254376,0.07049227600411946,8.146039603960396,0.1601743978271746,0.14516474876706453,0.015009649060110071,25.5221507635579,23.36168010269756,0.09933236932633305,0.37414440641608326,0.24576558774436785,0.16990877979373192,0.04188354269792316,0.05744882662840989,0.12446900946809711,-0.034520861640063405,-0.06923995007834982,0.034719088438286416,0,1
CSCO,2025-04-30,,0.6557353876599052,0.22870874266732633,0.17605484486536152,0.02079611293850495,0.05422880156743224,0.11812292331068107,0.9513262791708943,1.6076412321759008,0.1908216593478152,0.06813210666043312,8.312655086848634,0.2867340448088204,0.2682875114849106,0.018446533323909817,25.50893926092167,23.372909787160225,-0.03893785923112947,0.05426031467298009,0.26572403659620614,0.28185116211867034,0.04177050604120569,-0.08070836527233516,0.2872018655554853,0.18428332175697082,0.14894869085933826,0.03533463089763256,1,1
CSCO,2025-07-31,,0.6324541675185715,0.21277175765010564,0.17378859129012472,0.020851902429451064,0.05443716243622313,0.11998429974405311,0.9977754962354551,1.6106568750933972,0.18693934958418854,0.06824705006909748,9.14945652173913,0.2885572139303483,0.2737681455735024,0.014789068356845908,25.529669287397763,23.409274907171742,0.15438060565271394,0.13773383095913894,0.4436943960634401,0.27679330240341726,0.03583199938653503,0.11854860626617891,0.2704254458571714,0.05406444898863416,0.0905196536687436,-0.03645520468010943,1,0
CSCO,2025-10-31,,0.654773903110932,0.2358395484781294,0.19216555801921656,0.023616455549867053,0.061015936679965015,0.12289640138065433,0.9273645313249274,1.5836195677682248,0.1764132714571188,0.06936301630030883,10.688571428571429,0.21581670362158167,0.19411408990122958,0.02170261372035208,25.51989900264571,23.42348545893343,0.09598376237971729,0.24736623899230725,0.3692781091616766,0.19193706745148056,-0.004111242027948547,0.10009500440766583,0.10136039810083156,0.07850754496245327,0.020571201164332642,0.057936343798120626,1,1
CSCO,2026-01-31,0.09706239725537924,0.6496840185028341,0.24868069581080202,0.20685386670141379,0.025735383518006662,0.06652976552186576,0.1244133548402785,0.9550100581743054,1.5851476227395596,0.17319305185173176,0.06045180796135234,10.854054054054053,0.11870480161574044,0.10026711837904749,0.018437683236692943,25.53846191269524,23.45431616227768,0.07699482896056331,0.15658553383530194,0.32665701819655024,0.21213609018258395,0.059467563315159566,0.017527265645403745,0.11789167626409232,0.17461452642657616,0.041407409883890134,0.13320711654268602,1,1
IBM,2025-03-31,,0.5523003919950484,0.12138092290764046,0.07255346950003438,0.007242546355729163,0.039248511904761904,0.09982357019777986,1.0065515866233692,4.416480654761905,0.3869853844728044,0.07575497538907233,3.545054945054945,0.30052953717075853,0.27336496802145654,0.027164569149301973,25.70458903170079,23.40023808247776,0.1386827024138193,0.1481789838055354,0.3539604957324154,0.31319568686583016,0.18135133336312503,-0.04266863094930573,0.152735245381666,0.1933627941247129,0.10777191871295244,0.08559087541176047,1,1
IBM,2025-06-30,,0.5876185427342876,0.1817753431112682,0.12923366908169878,0.014765958878756268,0.07975571631102549,0.11425783221724939,0.9079414727243811,4.398451415900251,0.3716323989635562,0.08037823468048591,6.092156862745098,0.10019438063262061,0.07822347882429169,0.021970901808328915,25.724423022008555,23.555125323774906,0.18535428224966255,0.3581819114900564,0.7344716742735928,0.3093808412499721,0.0807024182091447,0.10465186404051785,0.2871056750993482,-0.044399973186550756,0.07715462675611473,-0.12155459994266549,0,0
IBM,2025-09-30,,0.573204335313208,0.17096319882432184,0.1067907660277999,0.011919733172945486,0.06249776025801827,0.11161763901798895,0.9316487394001479,4.240172012184196,0.37709825578216416,0.0790707529115862,5.939024390243903,0.18872083767068765,0.16318657767436165,0.025534259996326004,25.709007164848686,23.51633097904102,-0.012453594297262893,0.17441391325257194,0.3123387654129608,0.2500514120225832,-0.08913490422003723,0.07668130992277433,0.0997097149141706,0.08954388235273525,0.03557971664155657,0.05396416571117868,1,1
IBM,2025-12-31,,0.6059328490882309,0.2463046680550617,0.28445166861380605,0.03687121411640769,0.17152658662092624,0.12962207005530682,0.9556624760722231,3.649197500612595,0.36104819594416643,0.08945878324993416,9.667364016736402,0.20521156092853152,0.17712195865291816,0.02808960227561335,25.746356572310013,23.70322435638436,0.038794599188526346,0.027012983364535392,0.382265105858145,0.25564590414665117,0.016806180285972472,0.021988418902553875,0.11473373685833697,-0.17702985219532152,-0.04370584558740376,-0.13332400660791777,0,0
QCOM,2024-09-30,,,,,,,,,,,,,,,,,,-0.14603931400303172,-0.013114517453904129,0.5625392873890318,0.4754901991099108,-0.19432607484197562,0.0482867608389439,0.1386946980293202,-0.08621789314985806,0.028652561032577628,-0.11487045418243569,0,0
QCOM,2024-12-31,,,,,,,,,,,,,,,,,,-0.08255941442175097,-0.2455815390138424,0.11708906716743384,0.3453008762138717,-0.11629794490611878,0.03373853048436781,0.12679056892573304,0.005326749513587581,-0.04266863094930573,0.04799538046289331,1,1
QCOM,2025-03-31,,0.5503233445669005,0.28417888696602606,0.25612533017579014,0.05078378964097378,0.10141373341027121,0.19827710756338943,2.732606873428332,0.9969705712637046,0.23943509354908618,0.13008379686484142,20.049079754601227,0.232625922215138,0.21313416522451953,0.019491756990618454,24.7373398877719,23.119250194199008,0.005326749513587581,-0.07767243822877656,-0.08753817651417584,0.3007570067813936,0.04799538046289331,-0.04266863094930573,0.152735245381666,0.04300925836500946,0.10777191871295244,-0.06476266034794298,1,0
QCOM,2025-06-30,,0.5556198745779064,0.2664737095996141,0.2572117703810902,0.048594655681528195,0.09798228527325517,0.18892858444825197,3.193974358974359,1.0163181300305046,0.2695490503445008,0.09930370748423317,18.571428571428573,0.2773757838880849,0.24901109503135552,0.028364688856729377,24.728086778225908,23.061700582834153,0.04682556769193891,0.048428594275401915,-0.18632216993634487,0.48250485166846374,-0.05782629634857894,0.10465186404051785,0.2871056750993482,0.04383224210836878,0.07715462675611473,-0.03332238464774595,1,0
QCOM,2025-09-30,,0.5533670481767368,0.2623547156419129,-0.27655043918019695,-0.0621622160620625,-0.1469867018768273,0.22477713738707297,2.8164916885389326,1.364566632085259,0.29537522685120554,0.11008515645254571,18.374269005847953,0.35453819536864517,0.31842782361813504,0.036110371750510156,24.638144760355754,23.14549889220635,0.030721648459198114,0.20722806007496763,0.00032047914648791753,0.2615780308812869,-0.04595966146357622,0.07668130992277433,0.0997097149141706,0.04782488684067321,0.03557971664155657,0.01224517019911664,1,1
QCOM,2025-12-31,,0.545543584720862,0.27473065621939274,0.24518445968005223,0.05664290832296263,0.130195466562649,0.23102160877927366,2.505396049684382,1.2985307502275387,0.27938680846249575,0.13585624316476222,21.988165680473372,0.40523996082272284,0.3604309500489716,0.044809010773751226,24.69419905425328,23.22895502591694,0.01820552095643735,0.06591709490429842,0.13838653831393288,0.34344234121314027,-0.0037828979461165257,0.021988418902553875,0.11473373685833697,-0.2422868990652982,-0.04370584558740376,-0.19858105347789445,0,0
TXN,2024-09-30,,,,,,,,,,,,,,,,,,0.04785214578956931,0.22938440669207405,0.3316698386252359,0.3014730486458082,-0.00043461504937458706,0.0482867608389439,0.1386946980293202,-0.08410002049169563,0.028652561032577628,-0.11275258152427325,0,0
TXN,2024-12-31,,,,,,,,,,,,,,,,,,-0.07218937910422374,-0.044351937493964044,0.1393855356061804,0.29197802724771266,-0.10592790958859155,0.03373853048436781,0.12679056892573304,-0.03456419305438352,-0.04266863094930573,0.008104437894922212,0,1
TXN,2025-03-31,,0.5684443352174982,0.32538707299090686,0.28975178176456134,0.034926089403679236,0.07186395221260515,0.12053796249666736,5.257533145841704,1.0576008777276606,0.38060254169505586,0.08184969043457653,10.96875,0.20865077414598182,-0.06733841238633571,0.2759891865323175,24.242453640166413,22.126663105965964,-0.03456419305438352,-0.1042584045227728,0.06674860792063075,0.31286043591467355,0.008104437894922212,-0.04266863094930573,0.152735245381666,0.16522700226114928,0.10777191871295244,0.05745508354819684,1,1
TXN,2025-06-30,,0.5789118705035972,0.35139388489208634,0.29114208633093525,0.037070964417599404,0.0789489727488874,0.12732945925056538,5.812199036918138,1.129671401572883,0.40199811066899493,0.08713823605187072,12.112781954887218,0.4181654676258993,0.12477517985611511,0.29339028776978415,24.276697778134984,22.215720393894692,0.1764215533810065,0.12832174866858637,0.0982054375137662,0.5012595685137993,0.07176968934048866,0.10465186404051785,0.2871056750993482,-0.11109540825170894,0.07715462675611473,-0.18825003500782367,0,0
TXN,2025-09-30,,0.5742302825811894,0.36862083509067906,0.28764234500210883,0.03896697520283396,0.08203524388043544,0.13547023197348873,4.450288646568313,1.1052504961809106,0.38698434464632614,0.09458918980687922,12.23404255319149,0.46183045128637706,0.20940531421341207,0.252425137072965,24.278728177619996,22.279724824589625,-0.1416207216634111,0.13664301897934217,-0.08382254809753309,0.3415463207280064,-0.21830203158618544,0.07668130992277433,0.0997097149141706,-0.03522464472707332,0.03557971664155657,-0.07080436136862989,0,0
TXN,2025-12-31,,0.5588966764639385,0.34026678724847387,0.2629437033687542,0.0336272950701171,0.07146807595403429,0.12788781263553564,4.352643241532131,1.12529957598476,0.391730519011132,0.09324851814370391,10.73049645390071,0.5096088627628307,0.3004747908659281,0.20913407189690256,24.266685898998958,22.2100840358326,-0.03993789572648965,-0.18385481424601902,-0.044729908336047175,0.2752877372455155,-0.06192631462904352,0.021988418902553875,0.11473373685833697,0.12633121071434505,-0.04370584558740376,0.1700370563017488,1,1
AVGO,2024-10-31,,,,,,,,,,,,,,,,,,0.1843164933455932,0.3368899514128383,1.0210794856617285,0.5340908914041448,0.11397660467169946,0.07033988867389374,0.13998929289498355,0.21872458748575263,0.06189415287082545,0.15683043461492718,1,1
AVGO,2025-01-31,,0.6801421292571735,0.43121480289621883,0.3689326897291499,0.033279309135330615,0.07885196807519809,0.09020428403826848,1.0038259206121474,1.3693991889839372,0.36838253970173807,0.05628394150872652,7.288659793814433,0.40982837221775276,0.4031241619737195,0.006704210244033253,25.831378657423365,23.425700299262985,0.31341978036591156,0.5666706649467508,0.8687375423875627,0.6382071984957931,0.25597095373750167,0.05744882662840989,0.12446900946809711,-0.10549498532305834,-0.06923995007834982,-0.03625503524470852,0,0
AVGO,2025-04-30,,0.6796187683284457,0.3942282058117835,0.33091175686483604,0.03015853732612525,0.07135055902049263,0.09113770272732795,1.0769044035539157,1.3658494524760727,0.3750470752596732,0.05753507866124036,7.612483745123537,0.43688349773393764,0.42728605705145295,0.00959744068248467,25.826966368606342,23.43158266916605,-0.10482978410745991,0.1459251821988119,0.4983274191769549,0.6876689793824932,-0.024121418835124753,-0.08070836527233516,0.2872018655554853,0.5489170564753991,0.14894869085933826,0.39996836561606086,1,1
AVGO,2025-07-31,,0.6709503510531595,0.38076730190571717,0.25952858575727183,0.02499683011212346,0.05649794614954215,0.09631628839338006,1.4965277777777777,1.2602044297665025,0.37931784012896913,0.06471401573471963,7.548946716232962,0.44922266800401206,0.440320962888666,0.008901705115346038,25.832967882451864,23.492850050165895,0.44564578197580773,0.33448776926175583,0.848687300992234,0.5163426437482891,0.3270971757096288,0.11854860626617891,0.2704254458571714,0.3164498572485548,0.0905196536687436,0.2259302035798112,1,1
AVGO,2025-10-31,,0.6799333888426311,0.42486816541770744,0.47282819872328613,0.04978608000374068,0.10478275845101609,0.10529422766698618,1.7053581073782003,1.1046597451163707,0.3622846188015804,0.0945573141935333,10.026281208935611,0.4275881210102692,0.4144324174299195,0.013155703580349709,25.865467260468574,23.614470581146467,0.2827858131774883,0.8490175887039426,1.1985936844468759,0.4028596344717922,0.18269080876982247,0.10009500440766583,0.10136039810083156,-0.1035283829039424,0.020571201164332642,-0.12409958406827504,0,0
AVGO,2026-01-31,0.29465004022526387,0.681321526591062,0.448759774221946,0.3805603024183108,0.043254092040752666,0.09200971554487179,0.11365897011824394,1.9017735334242838,1.1271910056089745,0.37553780686627075,0.08342407138190615,11.230961298377029,0.42773548754595825,0.41478949821345346,0.01294598933250479,25.858493522913964,23.683940718685,-0.10198340462216915,0.11682994407454972,0.5500960751350625,0.46874244325237807,-0.1195106702675729,0.017527265645403745,0.11789167626409232,0.26261892368474915,0.041407409883890134,0.22121151380085902,1,1
AMZN,2024-12-31,,0.47339077276987307,0.1129068330919315,0.10652210956803272,0.032011829206233376,0.06995139350281498,0.30051816788127267,1.063734806137178,1.1851732699234185,0.08421108219954104,0.12606778109567382,40.208771929824564,0.24301354690295646,0.09479637045241544,0.14821717645054103,27.160847872299108,25.95860080430418,0.1874323766638304,0.09694999694824213,0.4632829327489678,0.28913889286903066,0.15369384617946258,0.03373853048436781,0.12679056892573304,-0.13277726862597805,-0.04266863094930573,-0.09010863767667232,0,0
AMZN,2025-03-31,,0.5055085535148747,0.11823315153500742,0.1100233190078822,0.026625480368624624,0.055994925899165326,0.24199852002935068,1.0481009927854188,1.1030578650197636,0.08297474100513637,0.10292480754163194,41.072088724584106,0.10930383446716388,-0.05141744878490624,0.16072128325207014,27.189808615697874,25.77098494727253,-0.13277726862597805,0.02976834901235348,0.05133443788179637,0.29149236458583133,-0.09010863767667232,-0.04266863094930573,0.152735245381666,0.15310630570719308,0.10777191871295244,0.04533438699424064,1,1
AMZN,2025-06-30,,0.5181393185531479,0.11431586981669867,0.10831117100571251,0.02662679390767697,0.054419893640925775,0.24583608191506515,1.0240689917130767,1.0438019623998203,0.07434803641321078,0.08464312414793966,41.42054263565891,0.19388558275989554,0.0019797020906131115,0.1919058806692824,27.248544730590222,25.845454431762896,0.14164542582121897,-0.003768966608182267,0.11252536909131039,0.41786397180672064,0.03699356178070112,0.10465186404051785,0.2871056750993482,0.012671492716308519,0.07715462675611473,-0.06448313403980621,1,0
AMZN,2025-09-30,,0.5078509621522015,0.09669810011711227,0.11759514677885763,0.029106180478376088,0.05731932657163495,0.24751174921454389,1.0085555031865407,0.9693180496224613,0.06970811392994569,0.0919358007256282,53.360594795539036,0.19717598476985496,0.0023866480915140783,0.1947893366783409,27.31345836277124,25.917161136245024,-0.0015914461969833704,0.23070457271029654,0.17839320112980395,0.26924377125614996,-0.0782727561197577,0.07668130992277433,0.0997097149141706,0.056929451122814,0.03557971664155657,0.021349734481257432,1,1
AMZN,2025-12-31,0.13628908579705246,0.48469440356911886,0.11705079058607407,0.0993129821075422,0.025905760339933647,0.0515538905039349,0.2608496874243621,1.0508153482718285,0.9900551007748166,0.08025015830483032,0.1061192457111004,40.18262150220913,0.2552135566532012,0.06999990627313882,0.18521365038006243,27.430179516974338,26.0863685691634,0.03781306381742633,0.033167734392576476,0.05209903808910643,0.3064599781359736,0.015824644914872454,0.021988418902553875,0.11473373685833697,-0.09769518384982634,-0.04370584558740376,-0.05398933826242258,0,0
TSLA,2024-09-30,,,,,,,,,,,,,,,,,,0.1313240988383697,0.5538068493637307,0.039864859046029766,0.6007354436032257,0.08303733799942581,0.0482867608389439,0.1386946980293202,0.5954209986315322,0.028652561032577628,0.5667684375989546,1,1
TSLA,2024-12-31,,,,,,,,,,,,,,,,,,0.6217170886240773,0.605597922543083,0.6256340041643804,0.698213594317683,0.5879785581397095,0.03373853048436781,0.12679056892573304,-0.35826068241821274,-0.04266863094930573,-0.315592051468907,0,0
TSLA,2025-03-31,,0.1630721489526765,0.025497801913628135,0.021153348849237134,0.003269097041826858,0.005478681365785702,0.1545427660237709,1.996067623432931,0.6656530882884814,0.04060394369799618,0.13069993845465228,7.472527472527473,0.11150762865270235,0.0343418670804241,0.07716576157227825,25.552467180209966,23.68518276200567,-0.35826068241821274,0.04071961776433808,0.4790549130043513,0.6956373714058867,-0.315592051468907,-0.04266863094930573,0.152735245381666,0.22572927602004444,0.10777191871295244,0.117957357307092,1,1
TSLA,2025-06-30,,0.17238620199146515,0.041029516358463726,0.05209815078236131,0.009115869546617717,0.015158962154331686,0.17497491580265542,2.0372234070914423,0.6531158651731899,0.038843560167072425,0.12123639814260269,19.011627906976745,0.11290896159317212,0.006490042674253201,0.10641891891891891,25.57971600617774,23.836603352574667,0.18326757719227582,-0.1624657121796823,0.5136757969038168,0.8314246201398614,0.07861571315175797,0.10465186404051785,0.2871056750993482,0.3952338548938461,0.07715462675611473,0.3180792281377314,1,1
TSLA,2025-09-30,,0.1798896600818651,0.06627513792489767,0.04886990567716676,0.010266571951994615,0.017168938351881956,0.21007963509926347,2.0662511984659635,0.6629861197949231,0.04194115227876023,0.1367555239839982,26.776315789473685,0.2220323901050009,0.1420181526962093,0.0800142374087916,25.619126066900588,24.058857461510573,0.4089022962773967,0.6638731040549171,0.6998050411683439,0.5469870525068766,0.3322209863546224,0.07668130992277433,0.0997097149141706,0.03354922959790585,0.03557971664155657,-0.0020304870436507194,1,0
TSLA,2025-12-31,,0.20115658005702583,0.0630898357495683,0.033733584996586484,0.006095525593950916,0.01022681617297929,0.1806960509702045,2.1644068865485275,0.6688946516186371,0.047777310131634325,0.11982787396775177,14.894117647058824,0.15312638046664792,0.05702582225613429,0.09610055821051364,25.649112735942367,23.938173800253228,0.03146789270803474,0.42609796263355615,0.11360936335891059,0.4740246544024801,0.009479473805480865,0.021988418902553875,0.11473373685833697,-0.1733745464045724,-0.04370584558740376,-0.12966870081716864,0,0
NFLX,2025-03-31,,0.5007828564723928,0.31746772039043514,0.2741539938010781,0.05549014656911724,,0.20240502718840575,1.2036434769536388,,0.2689896475256205,0.13822564138243612,18.44959060009122,0.2645595795652408,0.25239231965015746,0.012167259915083288,24.676193598269997,23.078709094280093,0.046234734920236775,0.31140920040011166,0.5180120577991436,0.3591647589090866,0.0889033658695425,-0.04266863094930573,0.152735245381666,0.4360181093503752,0.10777191871295244,0.3282461906374228,1,1
NFLX,2025-06-30,,0.5193400839016222,0.34070199868834894,0.28209821930639906,0.05885937432673773,,0.20864851423541964,1.3411604463487445,,0.2721901592446988,0.15400106863199736,20.883355507010716,0.21872205904307238,0.20465159561649315,0.014070463426579222,24.69543643749067,23.12833224467444,0.4424373433553066,0.5101891177553424,0.987989998120995,0.3754931044585676,0.33778547931478875,0.10465186404051785,0.2871056750993482,-0.09910909397111844,0.07715462675611473,-0.17626372072723318,0,0
NFLX,2025-09-30,,0.46445824598770474,0.28220333306487827,0.2212726385143333,0.046362494763113424,,0.20952655996873387,1.3320101534557787,,0.2632759341135729,0.1690600690800291,18.738256871313336,0.2454473195198008,0.2311367542151569,0.014310565304643917,24.729413501545096,23.16650873178323,-0.06688662303166881,0.3073659658378174,0.6903576210686466,0.24249383257192422,-0.14356793295444314,0.07668130992277433,0.0997097149141706,-0.214709881660766,0.03557971664155657,-0.25028959830232256,0,0
NFLX,2025-12-31,,0.45873787898225854,0.2453507089427208,0.20069444571222966,0.043500931786005045,,0.2167520462842298,1.185709316059751,,0.24217084906012812,0.1624850646149154,12.808020648904627,0.17522891913391037,0.1553683493209807,0.019860569812929673,24.741394954006612,23.212393731398254,-0.19348314912020093,-0.27720131007402604,0.051922969927354234,0.3205861332607679,-0.2154715680227548,0.021988418902553875,0.11473373685833697,0.02549060724397001,-0.04370584558740376,0.06919645283137377,1,1
HD,2025-01-31,,0.3282792665726375,0.11321277453153335,0.07548357848075761,0.031180099668119726,0.45135542168674697,0.41307129703804657,1.1054394473326123,13.475753012048193,0.5044268042738689,0.01725985497144165,7.092476489028213,0.11764557727181141,0.08991537376586742,0.027730203505943987,25.28885284409847,24.40471777523155,0.054916089478218355,0.1904371666486364,0.17219120755446893,0.20441711992286085,-0.002532737150191533,0.05744882662840989,0.12446900946809711,-0.12477854475895123,-0.06923995007834982,-0.055538594680601405,0,0
HD,2025-04-30,,0.3376906864712967,0.12878863910076274,0.08613508631071859,0.034621862299182106,0.4315524827152734,0.40194842522464375,1.0930703725980564,11.464739157762413,0.4774549451879343,0.013806387849571892,8.385365853658536,0.10851565636290646,0.08829285427539141,0.020222802087515056,25.319970289521002,24.408538795466235,-0.12478240745418223,-0.07107139963209907,0.10542077150549534,0.2677479940734354,-0.04407404218184707,-0.08070836527233516,0.2872018655554853,0.053246978577351056,0.14894869085933826,-0.0957017122819872,1,0
HD,2025-07-31,,0.33405481811957505,0.1447754930759547,0.10051461006692139,0.04548771102159942,0.42672292545710266,0.45254825135683513,1.1473448745380277,8.381059540553212,0.45894511689272255,0.028026267129106736,11.443478260869565,0.10254654681184708,0.08229343816949003,0.02025310864235705,25.328925902923704,24.536065014229457,0.01446818957074214,-0.09670214740121985,0.02230706079581668,0.2395327710335773,-0.10408041669543677,0.11854860626617891,0.2704254458571714,0.034488156277535875,0.0905196536687436,-0.05603149739120772,1,0
HD,2025-10-31,,0.3340829947765525,0.1294496034049139,0.0870816405494293,0.03388411088318874,0.29721030042918456,0.3891074016222218,1.0508627462391247,7.77137669197755,0.43607091104127066,0.01584583247078307,8.57484076433121,0.0969723350744825,0.07525633584832656,0.02171599922615593,25.389286501596303,24.44538662484015,0.021633358693030846,0.061885706362483806,-0.013106939451700494,0.18799854733202812,-0.07846164571463499,0.10009500440766583,0.10136039810083156,-0.01416058684314403,0.020571201164332642,-0.03473178800747667,0,0
HD,2026-01-31,-0.03793068708442249,0.32635216503481856,0.10076443792868736,0.0673071888580554,0.02446358056996051,0.20065558417232499,0.3634616299538513,1.06066493955095,7.202216498868337,0.44094390789285887,0.013216613540130357,6.552188552188552,0.08762238860673334,0.05992460338237604,0.027697785224357296,25.378130539958356,24.366048995167375,-0.006789532239016682,-0.004380935630082794,-0.07375391210791848,0.23207453995839966,-0.024316797884420427,0.017527265645403745,0.11789167626409232,-0.11637197822660739,0.041407409883890134,-0.15777938811049752,0,0
NKE,2025-02-28,,0.41485491170467653,0.06992634661460644,0.07045878072588517,0.02100918159447517,0.056685942742914254,0.2981769110681872,2.1927292167869554,1.698150924537731,0.21051517476781414,0.22758182732252005,,0.15902032123524715,0.1518324607329843,0.007187860502262845,24.355389737237875,23.145321429916624,0.01352564971823944,-0.018256027997472835,-0.22262563205289798,0.2788527441045571,0.02409772682226652,-0.010572077104027078,0.12951165675383244,-0.2225737581346936,-0.0039635900784568134,-0.2186101680562368,0,0
NKE,2025-05-31,,0.4027214562494368,0.028926736955934035,0.019014147967919257,0.005768337023975505,0.015969121319912207,0.30337078651685395,2.2110543251940187,1.7684098993415576,0.21763853577189096,0.20405150496186336,,0.04172298819500766,0.03271154366044877,0.00901144453455889,24.32274014219265,23.129940638464838,-0.23332915389290132,-0.23003319994056703,-0.3395317111480177,0.5034362542264065,-0.22825164431219314,-0.005077509580708184,0.2872908392478141,0.28542955703493833,0.09767193739936109,0.18775761963557724,1,1
NKE,2025-08-31,,0.42175767918088736,0.07909556313993174,0.06203071672354949,0.019472866555954357,0.05397980397980398,0.3139229656613275,2.190266703326918,1.772052272052272,0.21417474687952,0.18813949750897305,,0.0189419795221843,0.001279863481228669,0.01766211604095563,24.343170276556815,23.184562621095278,0.1896777748629228,-0.03265550496857872,-0.06617746998934904,0.3841835059140733,0.11209687537810664,0.07758089948481617,0.12049834078492466,-0.1300309547597326,0.07030574645989529,-0.20033670121962788,0,0
NKE,2025-11-30,,0.4059708698800998,0.08095276414259274,0.06373219602478475,0.020959589276735385,0.05623003194888179,0.328869717098473,2.0631443298969074,1.6827831025914093,0.1856723211686559,0.1845608277979199,,0.046592097851452484,0.031061398567634988,0.015530699283817494,24.35523096507559,23.24313736177027,-0.11418137493732938,0.05383873079669166,-0.15379816562998638,0.2858147773416212,-0.17960073084283634,0.06541935590550696,0.11851082765222064,-0.049090035051684855,0.011388104840801772,-0.060478139892486626,0,0
SBUX,2024-09-30,,,,,,,,,,,,,,,,,,0.27657441471710853,0.11412998602073765,0.09694067915874993,0.46891184187022045,0.22828765387816463,0.0482867608389439,0.1386946980293202,-0.06513218701586676,0.028652561032577628,-0.09378474804844439,0,0
SBUX,2025-03-31,,0.21092037983929876,0.07511185171658144,0.04385043827611395,0.012145505815111387,-0.05040341095441128,0.2769756995046328,0.6437344788240822,-5.149032469662185,0.4212043713704948,0.08444951648747673,4.944226237234878,0.033327246165084,-0.033920745069393715,0.06724799123447772,24.17746987768152,22.89364437361835,0.08079305887758492,0.028314922235487483,0.09897912773674733,0.28075515563755965,0.12346168982689065,-0.04266863094930573,0.152735245381666,-0.059281729021856355,0.10777191871295244,-0.1670536477348088,0,0
SBUX,2025-06-30,,0.22797165820642978,0.09510363790186126,0.05904187817258883,0.016591776327520416,-0.07263856362217018,0.2810170821297386,0.7558134316972259,-5.377023158990372,0.4330236677246413,0.12400294806414416,6.7547434996486295,0.10593274111675127,0.045928510998307956,0.060004230118443316,24.239255118608924,22.969915297610154,-0.06062266386123172,0.006573389075823277,0.21760577105707135,0.43509018845634106,-0.16527452790174957,0.10465186404051785,0.2871056750993482,-0.05920466055923246,0.07715462675611473,-0.1363592873153472,0,0
SBUX,2025-09-30,,0.22600062702476748,0.09908036367436514,0.013919949838018602,0.00415993903753002,-0.01645134994936146,0.2988472721480838,0.7230177074355559,-4.953795420299879,0.4552166322607645,0.10055684469248619,2.124142661179698,0.14440380395025604,0.09674992162190406,0.04765388232835197,24.189617175326806,22.981794543743536,-0.09579310315183309,-0.028351481805175105,-0.11009872240681928,0.2610453611357533,-0.17247441307460742,0.07668130992277433,0.0997097149141706,0.018772945091581006,0.03557971664155657,-0.016806771549975563,1,0
SBUX,2025-12-31,,0.21070891871993222,0.09261631249306614,0.029581143911811277,0.009100697213318729,-0.0349637011694303,0.30765197047315557,1.0466630682708546,-4.8409884725881245,0.452425352873096,0.1059131260413984,6.502158273381295,0.1611380621476334,0.1284908876360299,0.03264717451160351,24.196110785493723,23.017324684596005,-0.021928476625577065,-0.09595513659493593,-0.0526498830675427,0.27771429755274196,-0.04391689552813094,0.021988418902553875,0.11473373685833697,0.07074886056595298,-0.04370584558740376,0.11445470615335673,1,1
MCD,2024-09-30,,,,,,,,,,,,,,,,,,0.23605452431709462,0.11878662772632054,0.21001771225550248,0.1954888709807772,0.18776776347815072,0.0482867608389439,0.1386946980293202,-0.04324298863642373,0.028652561032577628,-0.07189554966900136,0,0
MCD,2024-12-31,,0.5759236067626801,0.45068879148403257,0.31559173450219163,0.03653365227791671,-0.5310853530031612,0.11576238628538292,1.191142191142191,-15.537144362486828,0.6963140154398173,0.019662208691239896,7.678947368421053,0.41186599874765184,0.2855353788353162,0.12633061991233563,24.733902650095025,22.577687067299177,-0.039920073735847716,0.16823003778414036,-0.00042046930785211156,0.16085216977446226,-0.07365860422021553,0.03373853048436781,0.12679056892573304,0.08376806243632884,-0.04266863094930573,0.12643669338563457,1,1
MCD,2025-03-31,,0.5602015113350126,0.4456759026028547,0.31368597816960536,0.033162314260860304,-0.540822235089751,0.10571819134016226,1.1813872255489022,-17.30833815865663,0.6896092598838964,0.02197802197802198,7.196808510638298,0.4077246011754828,0.31519731318219985,0.09252728799328296,24.75447533716572,22.507497039753673,0.08376806243632884,0.040503961471313854,0.14184078718437676,0.18974312784798986,0.12643669338563457,-0.04266863094930573,0.152735245381666,-0.05936206244073794,0.10777191871295244,-0.16713398115369038,0,0
MCD,2025-06-30,,0.578985824930586,0.47654537483559845,0.3292415607189829,0.03783057677776845,-0.816304347826087,0.11490219125178407,1.30316426244765,-22.577898550724637,0.6850978087482159,0.031500293846024686,8.335897435897436,0.2919772029811486,0.1832529592284086,0.10872424375274002,24.810166092279275,22.64649206891677,-0.06314103738346044,0.010302363045005869,0.19617295369463106,0.2161487991343686,-0.1677929014239783,0.10465186404051785,0.2871056750993482,0.042920692431989815,0.07715462675611473,-0.034233934324124915,1,0
MCD,2025-09-30,,0.5799067401441289,0.46898403278225237,0.32188780556733076,0.03758579725448786,-1.053166897827092,0.11676676346356916,1.0,-29.020342117429497,0.6514486536430835,0.03981322597676874,8.263546798029557,0.4843860392821817,0.34152889642503886,0.14285714285714285,24.827692734510023,22.68011592604006,0.03728489745681096,-0.034314828198748204,0.021255984918146398,0.1458552733046889,-0.03939641246596337,0.07668130992277433,0.0997097149141706,0.021361040875682136,0.03557971664155657,-0.014218675765874433,1,0
MCD,2025-12-31,0.09705698184095302,0.5750570776255708,0.4504851598173516,0.3087899543378995,0.03636058136604217,-1.2089385474860335,0.11775182727043602,0.9545975693648245,-34.24916201117318,0.6716458035789297,0.013005124758464253,7.724390243902439,0.3848458904109589,0.23373287671232876,0.15111301369863014,24.809494218566254,22.670318190580502,0.025290132145773914,0.051447200279055805,0.07888746181902007,0.15870840369659758,0.003301713243220039,0.021988418902553875,0.11473373685833697,0.022563749535733146,-0.04370584558740376,0.0662695951231369,1,1
TGT,2025-01-31,,0.2599385411612486,0.04745269286754003,0.03567847323305839,0.01909328532603992,0.07520796399836356,0.5351486091156157,0.9353334294918025,2.9389744988408566,0.2476068479634406,0.08243175405494296,16.622222222222224,0.10638848455442342,0.07653242762413068,0.029856056930292738,24.77971813656726,24.154507339956943,-0.07910856666561705,0.045743128053873594,-0.016747361010948425,0.4752306955902606,-0.13655739329402694,0.05744882662840989,0.12446900946809711,-0.29817667853265106,-0.06923995007834982,-0.22893672845430124,0,0
TGT,2025-04-30,,0.281724398221924,0.06172943051245492,0.04344544158349409,0.01843908516507965,0.06931156753863651,0.42441932900240276,0.9351271654994471,2.7589482839365758,0.25512147370294563,0.051383821304618674,12.913793103448276,0.011532332466661075,-0.021596913528474378,0.033129245995135455,24.751915654306277,23.89488232533035,-0.3055777555357787,-0.3487808739011057,-0.3807951486198078,0.3902287762627781,-0.22486939026344355,-0.08070836527233516,0.2872018655554853,0.0896690936881106,0.14894869085933826,-0.05927959717122766,1,0
TGT,2025-07-31,,0.2898734679306652,0.05223910197929475,0.037086985839514496,0.01616220981486923,0.060635538261997406,0.4357919482809286,0.9901680278832649,2.751686121919585,0.26481823996127984,0.07503759658432871,11.5,0.08262266470984887,0.04002221252627821,0.04260045218357066,24.781136576521394,23.95054624415842,0.0439449679161974,-0.2566470751888895,-0.30812672749318126,0.42744119121965374,-0.07460363834998152,0.11854860626617891,0.2704254458571714,-0.05332627399696854,0.0905196536687436,-0.14384592766571214,0,0
TGT,2025-10-31,,0.2822714681440443,0.03751483973090621,0.027265532251681837,0.011485056091747095,0.04444874524224244,0.4212298511443383,0.9745786649091422,2.870137410489646,0.2561384207631145,0.06370955643346501,8.469565217391304,0.044598337950138504,0.005896319746735259,0.03870201820340324,24.817460387917386,23.952883758346513,-0.060583966654152555,0.008264268533480612,-0.35819243874946693,0.29115184395532495,-0.1606789710618184,0.10009500440766583,0.10136039810083156,0.12312655938562123,0.020571201164332642,0.10255535822128858,1,1
TGT,2026-01-31,-0.014944201843764549,0.2663120218040915,0.04531573244015368,0.034315174202869995,0.017565977475205916,0.06464583977729663,0.5119011598587998,0.9422986340084786,2.6801732137333745,0.24081358211464113,0.0922507984535216,14.212121212121213,0.10104094834663252,0.0719797721078383,0.029061176238794208,24.809074068146227,24.139450348416815,0.15184909267250468,0.08184857293827141,-0.21587124525883672,0.2858376661866722,0.13432182702710094,0.017527265645403745,0.11789167626409232,0.2427193546911497,0.041407409883890134,0.20131194480725956,1,1
WMT,2024-07-31,,,,,,,,,,,,,,,,,,0.1535352479246832,0.222719408364229,0.31259126343867694,0.1741286252782179,0.05936865202791797,0.09416659589676524,0.11018057711683327,0.19366064787905635,0.0594478713145683,0.13421277656448805,1,1
WMT,2024-10-31,,,,,,,,,,,,,,,,,,0.20046140884937302,0.3786035008350612,0.511304599764294,0.1868133397265221,0.1301215201754793,0.07033988867389374,0.13998929289498355,0.19238575354961562,0.06189415287082545,0.13049160067879018,1,1
WMT,2025-01-31,,0.24581011774870676,0.04352714423385801,0.02909932762497646,0.020143929024664237,0.05772801687670992,0.692247232797721,0.8226828460200447,1.7923922956061222,0.1280600253811972,0.03464801800454714,10.711297071129707,0.07490833767183225,0.03565692258271764,0.039251415089114616,26.287107853294433,25.9192957389523,0.19695204038070746,0.4596523835150561,0.7706001329278855,0.17154961405279545,0.13950321375229757,0.05744882662840989,0.12446900946809711,-0.004915418305525998,-0.06923995007834982,0.06432453177282382,0,1
WMT,2025-04-30,,0.24941881177955305,0.04308340730274321,0.027093938131381747,0.017101672434558565,0.05354862578019644,0.6311992133306907,0.7797609794014769,2.0493836000620576,0.13919168203924198,0.03548778070830729,10.409733124018839,0.03267334504767253,0.0025662856487268203,0.03010705939894571,26.29302918100564,25.832895425246868,-0.011484476655071463,0.18911205284909416,0.6571348415112137,0.32672230854626144,0.0692238886172637,-0.08070836527233516,0.2872018655554853,0.013550050777074052,0.14894869085933826,-0.1353986400822642,1,0
WMT,2025-07-31,,0.25158115466567454,0.04107056290233481,0.03960496499475767,0.025941802634056647,0.0779713683275996,0.6550139013502586,0.7920842747619875,1.9307513039618245,0.1315920645997408,0.03482168241414578,13.118335500650195,0.07294731739213763,0.0367414121599531,0.03620590523218453,26.32478300085209,25.9016841807155,-0.00539848808037835,0.0033273467772809706,0.44210609233428744,0.2575796239821298,-0.12394709434655726,0.11854860626617891,0.2704254458571714,0.04816595401127466,0.0905196536687436,-0.042353699657468935,1,0
WMT,2025-10-31,,0.24953202299772698,0.03730445246690734,0.034223603868609884,0.02128146056711299,0.06392698815742918,0.6218357554866536,0.8028894342100715,1.9370928465877162,0.11932930314735583,0.03665968024111829,12.967836257309942,0.050697508579578374,0.010484913312831483,0.04021259526674689,26.38849804031961,25.913418760503887,0.029711906654537712,0.023472532193463902,0.24669381851242655,0.1977071878555306,-0.07038309775312812,0.10009500440766583,0.10136039810083156,0.16277261108432972,0.020571201164332642,0.14220140991999708,1,1
WMT,2026-01-31,0.05595002049248454,0.24673233467606578,0.04567388385364216,0.022223271231957033,0.014884005227141794,0.04253290101087164,0.6697486194444054,0.7897533242144247,1.7917423732896995,0.12162940688802394,0.03768249329042955,9.42031029619182,0.07402337193689157,0.03198430681436724,0.04203906512252434,26.37458942589665,25.973736594037227,0.17990561775668445,0.20154321537358744,0.21926409312512596,0.2103906820102084,0.1623783521112807,0.017527265645403745,0.11789167626409232,0.10962526473576806,0.041407409883890134,0.06821785485187792,1,1
COST,2024-08-31,,,,,,,,,,,,,,,,,,0.10342191700377446,0.17901521603977222,0.6721299475608493,0.190021372720084,0.03112274490892597,0.07229917209484849,0.13356672401439604,0.09053464976861925,0.07223649223178463,0.018298157536834614,1,1
COST,2024-11-30,,,,,,,,,,,,,,,,,,0.09053464976861925,0.19520315795136312,0.6867194103320902,0.19538733638829123,0.018298157536834614,0.07223649223178463,0.1473930770230194,0.08014236793943685,-0.010572077104027078,0.09071444504346393,1,1
COST,2025-02-28,,0.12521381604758094,0.03634480485852832,0.028058942610988184,0.02441822353326778,0.06990655667201001,0.8702474598492298,0.9972431687342901,1.8628846229033897,0.07859444990713427,0.16874248880148585,68.27777777777777,0.043124146697424794,0.025281295607551435,0.01784285108987336,25.01678907302889,24.87781140185927,0.08014236793943685,0.19644835135287475,0.41734603970079,0.18285137173242239,0.09071444504346393,-0.010572077104027078,0.12951165675383244,-0.03676847556567697,-0.0039635900784568134,-0.03280488548722016,0,0
COST,2025-05-31,,0.12987896527173484,0.040028478759591805,0.030108377501779922,0.025211308656368406,0.07015668202764977,0.8373519514586258,1.0152212671971048,1.782746543778802,0.07573991150207997,0.1833019792798283,74.71428571428571,0.05474250454869077,0.03684835060517364,0.01789415394351713,25.047160054181038,24.869649248893932,-0.006746734786370556,0.06942175371515513,0.2823581814493141,0.2738554736228284,-0.0016692252056623724,-0.005077509580708184,0.2872908392478141,-0.09186221798610184,0.09767193739936109,-0.18953415538546292,0,0
COST,2025-08-31,,0.1290565950136961,0.0387784948233437,0.030293885510005107,0.033852579151480565,0.08949389658483062,1.1174723407566896,1.0342783227336423,1.6436359895761898,0.07409953436490746,0.18367293998625145,77.30434782608695,0.044883699336088025,0.022064626955754677,0.022819072380333347,25.068356147262968,25.17942544346152,-0.10608575012800636,-0.08306328459842871,0.07406113818428417,0.16936243515949453,-0.18366664961282253,0.07758089948481617,0.12049834078492466,-0.025497392551415365,0.07030574645989529,-0.09580313901131066,0,0
COST,2025-11-30,,0.13069963005333768,0.03659351924762655,0.029729448645757498,0.024169585698755887,0.06603306603306604,0.8129846599830898,1.0384164573615595,1.732072732072732,0.06843821717598744,0.1958811450658292,74.8,0.06965100212459328,0.046978768924480364,0.022672233200112916,25.139573118097125,24.932530080075306,-0.027236104500304115,-0.13043249205183105,-0.059775630372036925,0.17477594113115727,-0.09265546040581107,0.06541935590550696,0.11851082765222064,0.10988516448578278,0.011388104840801772,0.09849705964498101,1,1
LOW,2025-01-31,,0.3286083863317883,0.09863102296000863,0.060579928856311305,0.026077676209920655,-0.07898250298643805,0.43046726370006033,1.0853548008743403,-4.028740074485278,0.7633288478492878,0.04085657278084544,5.137741046831956,0.0490999245445726,0.01956451439042794,0.02953541015414466,24.486835236691793,23.64395123617749,-0.002916015083250234,0.10659115672384378,0.20245121938606614,0.20817284942771624,-0.06036484171166012,0.05744882662840989,0.12446900946809711,-0.14054281545647074,-0.06923995007834982,-0.07130286537812092,0,0
LOW,2025-04-30,,0.3337792642140468,0.11915910176779743,0.07840420449116102,0.03616768050780217,-0.12381167949298325,0.46129771665344266,1.0128193675183135,-4.423268447261204,0.6731243938993212,0.06731023538746364,6.958563535911602,0.16144290492116578,0.13669374104156712,0.024749163879598662,24.538161011643208,23.764449373404318,-0.14871307502409548,-0.13826944442362044,-0.0009276214675846273,0.2692921608457595,-0.06800470975176032,-0.08070836527233516,0.2872018655554853,0.0344581167702942,0.14894869085933826,-0.11449057408904406,1,0
LOW,2025-07-31,,0.33811928711548894,0.1447890145665512,0.1000876497349639,0.051443772257261766,-0.21035087719298246,0.5139872141416741,1.0470354268800297,-5.088947368421053,0.6553395975458017,0.1042605225897799,9.890140845070423,0.17659334696773654,0.1559330522976752,0.020660294670061356,24.56516676214275,23.899609873095635,-0.01070010630800311,-0.1311138676526058,-0.07174807670546424,0.26757628683717816,-0.12924871257418202,0.11854860626617891,0.2704254458571714,0.07197998237395575,0.0905196536687436,-0.01853967129478784,1,0
LOW,2025-10-31,,0.34190169605535004,0.11920434343919666,0.07764378032960169,0.03023216657624455,-0.15565401656713543,0.3893701008362487,1.0395352424039894,-6.148622616066269,0.7015134791311993,0.011617682824163283,6.417302798982188,0.033008216018834385,0.004324220439148609,0.028683995579685772,24.702068600064095,23.758843628422525,0.05698236835224324,0.0683134753647856,-0.07229970910992967,0.2155459198621631,-0.04311263605542259,0.10009500440766583,0.10136039810083156,0.1247532918085541,0.020571201164332642,0.10418209064422146,1,1
LOW,2026-01-31,0.10946426646545238,0.3245567160553801,0.08297303862035463,0.048579062424095217,0.018469267139479904,-0.10083694665725522,0.38018986406619387,1.0766582746750244,-6.459715639810427,0.6924128250591016,0.018136820330969267,4.127098321342926,0.07612339081855721,0.04683021617682779,0.029293174641729414,24.71491300093017,23.747828492168278,0.12652485016097104,0.1529802257343993,0.03197808549529091,0.23792122236055221,0.10899758451556729,0.017527265645403745,0.11789167626409232,-0.10156430842913988,0.041407409883890134,-0.14297171831303002,0,0
DIS,2024-09-30,,,,,,,,,,,,,,,,,,-0.013840345053040548,-0.18781490010336388,0.1870788357755102,0.20779527224974664,-0.06212710589198445,0.0482867608389439,0.1386946980293202,0.15699088651466275,0.028652561032577628,0.12833832548208512,1,1
DIS,2024-12-31,,0.3760226812474686,0.16516808424463345,0.10344268934791413,0.012961440475827979,0.025055673824963456,0.1253006912091593,0.6791884290879872,0.885944689158565,0.19633994092749915,0.027841214741735433,8.515400410677618,0.12980963953017416,0.02993114621304172,0.09987849331713244,26.006703040964997,23.929664140303498,0.1879278139623073,0.14664142585786455,0.23866584862513252,0.20693630894760986,0.15418928347793948,0.03373853048436781,0.12679056892573304,-0.11360577243473713,-0.04266863094930573,-0.0709371414854314,0,0
DIS,2025-03-31,,0.3730155370221413,0.14842724694128107,0.13864781338639345,0.016723432720736547,0.03138807157438733,0.12061807764779174,0.6681066149460754,0.8344626649670784,0.18609223164635175,0.029882604055496264,7.554140127388535,0.2858896744422336,0.20706151306041234,0.07882816138182126,26.000528092167507,23.885401983821982,-0.11360577243473713,0.05297235706041059,-0.18049280589524042,0.22422393256670944,-0.0709371414854314,-0.04266863094930573,0.152735245381666,0.26179165304512964,0.10777191871295244,0.1540197343321772,1,1
DIS,2025-06-30,,0.38553911205074,0.15412262156448203,0.22249471458773784,0.026763371513437634,0.048211095331897935,0.12028767318373243,0.7224311537061749,0.7591369279398965,0.18580249425263973,0.02729741826541615,8.331050228310502,0.15513742071881606,0.07987315010570825,0.07526427061310782,26.004498080436633,23.886628951884354,0.27496760264296105,0.12379381002411294,0.2818010026071087,0.4170374100079915,0.1703157386024432,0.10465186404051785,0.2871056750993482,-0.0744295263104301,0.07715462675611473,-0.15158415306654482,0,0
DIS,2025-09-30,,0.37597934472934474,0.11587428774928775,0.05844907407407408,0.0066476300414147855,0.011950595709435782,0.11373371001549257,0.7103506820443768,0.7545531496600497,0.1787974523324929,0.028833399151452554,5.915865384615385,0.19916310541310542,0.11387108262108261,0.08529202279202279,26.009075304851237,23.83517986478981,-0.06895430721070328,0.29433005816498237,0.2007255153666574,0.17363300615881394,-0.1456356171334776,0.07668130992277433,0.0997097149141706,0.0040401462787063025,0.03557971664155657,-0.03153957036285027,1,0
DIS,2025-12-31,0.052288375860673364,0.358415765366999,0.14914745390862552,0.09245217659058542,0.011885852273008427,0.022143146871197315,0.12856216815363528,0.6693476318141197,0.8119860614329437,0.17725358629118854,0.028096531726120668,9.336343115124153,0.028289904160732845,-0.0876794580655094,0.11596936222624225,26.03197403137396,23.980631338595135,0.021399646045921372,-0.07629229505675306,0.033032735337846564,0.22075650249460696,-0.0005887728566325023,0.021988418902553875,0.11473373685833697,-0.15285224490430938,-0.04370584558740376,-0.10914639931690562,0,0
JPM,2024-09-30,,,,,,,,,,,,,,,,,,0.015315796509677293,0.07546726242543489,0.5035373846073798,0.22401115546734293,-0.032970964329266605,0.0482867608389439,0.1386946980293202,0.14192629229670595,0.028652561032577628,0.11327373126412832,1,1
JPM,2024-12-31,,,,0.32728844850552685,0.0034987886022183395,0.04062269766038787,0.010690229423600497,,10.610503599626405,0.10028395024100545,0.11724676689948621,,3.4530158210838726,,,29.01801872970831,24.479593637048314,0.16348585314688946,0.17768925799356228,0.42627914436990944,0.28233010655700225,0.12974732266252165,0.03373853048436781,0.12679056892573304,0.028604744281207184,-0.04266863094930573,0.07127337523051291,1,1
JPM,2025-03-31,,,,0.3230524852736779,0.0033601385635505165,0.04166808946559672,0.010401215643655964,,11.400705708269307,0.093445951403626,0.09773223346526365,,-5.556048271449688,,,29.103001309224926,24.537168718372225,0.028604744281207184,0.19676706845095837,0.261222135079731,0.22628868495975904,0.07127337523051291,-0.04266863094930573,0.152735245381666,0.1891387867140959,0.10777191871295244,0.08136686800114346,1,1
JPM,2025-06-30,,,,0.3339200570384564,0.0032920503584638007,0.041989331062074836,0.009858797904088364,,11.75476572043348,0.09221387366276242,0.09232919537078894,,0.6583262777951072,,,29.14669369466886,24.527302660447795,0.19714233959704464,0.22167594374299626,0.44382376833977544,0.32884908796697726,0.09249047555652679,0.10465186404051785,0.2871056750993482,0.09417007635527619,0.07715462675611473,0.01701544959916146,1,1
JPM,2025-09-30,,,,0.3099935386603489,0.0031562177577543113,0.039957025307319025,0.01018155982022738,,11.659780906799329,0.09368065690029286,0.06653999107496264,,-0.973810036614258,,,29.148388694584696,24.561211638978243,0.08544381716784089,0.3944722904465814,0.5295136260245408,0.1654756291500679,0.008762507245066553,0.07668130992277433,0.0997097149141706,0.03136672498877324,0.03557971664155657,-0.004212991652783327,1,0
JPM,2025-12-31,0.07022504732303458,,,0.28441348589396453,0.0029435693461999143,0.035937180979919325,0.010349612420619676,,11.208708799849905,0.09807453275780244,0.07759226197202197,,2.6142894575945497,,,29.118268795263027,24.547462588007978,0.05279332837217687,0.09387351427229551,0.3726629534473289,0.20822498031254671,0.030804909469623,0.021988418902553875,0.11473373685833697,-0.08296542610795066,-0.04370584558740376,-0.0392595805205469,0,0
BAC,2024-09-30,,,,,,,,,,,,,,,,,,-0.024219562122010707,0.07322687611944145,0.5276262646215937,0.2316240202698493,-0.0725063229609546,0.0482867608389439,0.1386946980293202,0.11275865660155304,0.028652561032577628,0.08410609556897541,1,1
BAC,2024-12-31,,,,0.2629502505227443,0.0020436641963830974,0.02267292142208373,0.007772056471976351,,10.094249956627195,0.08686078768000113,0.09091040103958577,,1.0223695111847555,,,28.813146698198235,23.95592621678523,0.12654821866190935,0.10078229645668624,0.32945168501918753,0.23426742047684382,0.09280968817754154,0.03373853048436781,0.12679056892573304,-0.04452006898196237,-0.04266863094930573,-0.0018514380326566382,0,0
BAC,2025-03-31,,,,0.27026236936344367,0.0022081408624288834,0.0250219060088436,0.008170360038024448,,10.331662048643182,0.09080546386483168,0.0838535222772632,,-0.07980705985529489,,,28.839809506683586,24.03256720390403,-0.04452006898196237,0.07639421425557424,0.1396787676602207,0.23588710566965904,-0.0018514380326566382,-0.04266863094930573,0.152735245381666,0.1406388087150947,0.10777191871295244,0.03286689000214227,1,1
BAC,2025-06-30,,,,0.2689037524090239,0.0020679181504279684,0.02375174817005397,0.007690179597354599,,10.485826054159059,0.09107964739612605,0.08002808370012049,,-0.34508559120281146,,,28.866824508965955,23.999013367891152,0.14723679934282852,0.08149107508664444,0.2116898267321743,0.37195986402121195,0.04258493530231067,0.10465186404051785,0.2871056750993482,0.11393850307081466,0.07715462675611473,0.036783876314699926,1,1
BAC,2025-09-30,,,,0.301516661919681,0.002488162937213328,0.027844630316420736,0.008252157348027861,,10.19083879113075,0.09151292293481594,0.07483556207392156,,1.6688265451438338,,,28.85588889190175,24.058608275812542,0.06501654507922106,0.40200606327295385,0.33074812258892305,0.1852328709048492,-0.011664764843553277,0.07668130992277433,0.0997097149141706,0.07845774798328842,0.03557971664155657,0.04287803134173185,1,1
BAC,2025-12-31,0.23012585315816447,,,0.24143681847338036,0.0022065000301898915,0.024824975349801975,0.009139037053841767,,10.25083843650142,0.09315369468581702,0.07014577321001789,,-0.7358883899935856,,,28.85824295480191,24.163042700576042,0.0952024171824497,0.1361808668495308,0.28040587186180743,0.18959896637230492,0.07321399827989583,0.021988418902553875,0.11473373685833697,-0.10862558503874375,-0.04370584558740376,-0.06491973945134,0,0
WFC,2024-12-31,,,,,,,,,,,,,,,,,,0.27748157319042566,0.19396865417898224,0.4615145263553886,0.34052010019610696,0.24374304270605784,0.03373853048436781,0.12679056892573304,0.027113102991716875,-0.04266863094930573,0.0697817339410226,1,1
WFC,2025-03-31,,,,0.24289046602809072,0.0025093433816452864,0.0270252360704622,0.010331172823206145,,9.7598155613231,0.08904220916561513,0.09104445393580819,,-0.5477691200555859,,,28.299009962966963,23.72642049631604,0.027113102991716875,0.31211806265435804,0.2764238543959332,0.26940130204228674,0.0697817339410226,-0.04266863094930573,0.152735245381666,0.1221557141099685,0.10777191871295244,0.014383795397016064,1,1
WFC,2025-06-30,,,,0.2671009771986971,0.0027729702529035683,0.03033498793557542,0.01038173009318775,,9.929352717394305,0.08895157598488646,0.09820019391612143,,-0.5452865963342894,,,28.31475866443138,23.74705092494244,0.12970903438505665,0.15340177196106985,0.3541143302703562,0.36406796587420753,0.025057170344538804,0.10465186404051785,0.2871056750993482,0.06274698810102874,0.07715462675611473,-0.014407638655085986,1,0
WFC,2025-09-30,,,,0.2607296137339056,0.002709258596769831,0.03085220309791669,0.010391065893783878,,10.377435772878325,0.0861751706071861,0.08450375825405274,,-0.04053927971636499,,,28.355146479282215,23.788337588579015,0.023705869651038602,0.2909238981608546,0.5168062825983779,0.23273977847528185,-0.05297544027173573,0.07668130992277433,0.0997097149141706,0.13358331934169354,0.03557971664155657,0.09800360270013697,1,1
WFC,2025-12-31,,,,0.25178470787150103,0.0024950770979288673,0.02959965105429087,0.009909565672281559,,10.852614608236665,0.0813131710377445,0.08107953389856146,,0.1935468720646252,,,28.3958520110744,23.781597252256923,0.163850985042572,0.12727752241171086,0.35571247327868316,0.23800702563197698,0.14186256614001813,0.021988418902553875,0.11473373685833697,-0.14161720753356077,-0.04370584558740376,-0.09791136194615702,0,0
GS,2024-09-30,,,,,,,,,,,,,,,,,,0.06964864429333883,0.21027288282226286,0.5973224645359407,0.25802414840707877,0.021361883454394937,0.0482867608389439,0.1386946980293202,0.16416837473120927,0.028652561032577628,0.13551581369863164,1,1
GS,2024-12-31,,,,0.29641646838272406,0.002452904941132668,0.033697826158234696,0.008275197915000967,,12.73792583363389,0.1490890062602478,0.10864859317458764,,3.3719806763285023,3.3297281707405,0.04225250558800202,28.14741441140497,23.35292197062061,0.16965154027048812,0.24553237203299516,0.5104075012088496,0.3121386231069698,0.1359130097861203,0.03373853048436781,0.12679056892573304,-0.041251090499633936,-0.04266863094930573,0.0014175404496717947,0,1
GS,2025-03-31,,,,0.3145664586376311,0.0026826242610468575,0.038117457763475464,0.008528004774142627,,13.209018503620273,0.15267574501141162,0.09478530229914148,,-2.471783295711061,-2.504913026158545,0.033129730447483734,28.19984070436465,23.43544085262557,-0.041251090499633936,0.12140213872975414,0.35024812220297585,0.28651654824889033,0.0014175404496717947,-0.04266863094930573,0.152735245381666,0.3020151211922608,0.10777191871295244,0.19424320247930837,1,1
GS,2025-06-30,,,,0.25529726393746144,0.0020857037695608256,0.030000966993295512,0.008169706707361139,,13.384097795255286,0.16052636149173477,0.08569536624185088,,0.38894603305218406,0.3563052869779881,0.03264074607419598,28.210444573164246,23.40312230367784,0.29688703011759277,0.24320365139007483,0.5584601246066585,0.4182089817911869,0.19223516607707491,0.10465186404051785,0.2871056750993482,0.14224595164652443,0.07715462675611473,0.0650913248904097,1,1
GS,2025-09-30,,,,0.26988935721812435,0.002266615486216124,0.03294159257889744,0.008398313700025774,,13.533383707657434,0.15798497993895957,0.09379352228064218,,0.17650158061116966,0.13975237091675446,0.036749209694415176,28.22323242209676,23.443508078813984,0.1183462413710692,0.5738584343703117,0.6412497682373828,0.2072372821303741,0.04166493144829486,0.07668130992277433,0.0997097149141706,0.12589073303154108,0.03557971664155657,0.09031101638998451,1,1
GS,2025-12-31,-0.029922849520512496,,,0.3431693176750409,0.002551787411845334,0.036944275517715966,0.007435942785134746,,13.477803027878245,0.16371454469082308,0.09078493577697698,,-1.2097517466924335,-1.249219562955255,0.03946781626282147,28.22397220000915,23.322542296549827,0.1334106812976419,0.22718104742632028,0.5663768908872773,0.2388169087972405,0.11142226239508801,0.021988418902553875,0.11473373685833697,-0.032488930550104156,-0.04370584558740376,0.011216915037299602,0,1
MS,2024-09-30,,,,,,,,,,,,,,,,,,0.05547052099901051,0.1413935177082093,0.34932769933478336,0.23137072992490404,0.00718376016006661,0.0482867608389439,0.1386946980293202,0.21588859617899203,0.028652561032577628,0.1872360351464144,1,1
MS,2024-12-31,,,,0.24689224223891512,0.0030566115066526975,0.03553692912707753,0.012380346498270472,,10.617475672417257,0.23766183210693037,0.062336274999567926,,0.7844180017283786,0.7259855082097986,0.05843249351858007,27.825823627227724,23.434178603662097,0.21234214753424885,0.2838015637890041,0.3876391706605047,0.3041937339417751,0.17860361704988104,0.03373853048436781,0.12679056892573304,-0.06581045233281102,-0.04266863094930573,-0.02314182138350529,0,0
MS,2025-03-31,,,,0.26124598898104984,0.00331847517795948,0.04039808261244055,0.012702492355586728,,11.163998427143017,0.2337406252114903,0.04678550114743105,,-1.451595326027729,-1.4947629714839257,0.04316764545619665,27.893613046785774,23.527655990485364,-0.06581045233281102,0.1325573624228884,0.28882111342744254,0.3121245518848809,-0.02314182138350529,-0.04266863094930573,0.152735245381666,0.21702411680494627,0.10777191871295244,0.10925219809199382,1,1
MS,2025-06-30,,,,0.22680082030248655,0.0026139880490741356,0.032712785624491605,0.011525478812589097,,11.504473859350735,0.24209931529615103,0.057727846839061354,,0.758074852601897,0.7091771340681876,0.048897718533709306,27.933988273992362,23.47079312859082,0.2268032723858331,0.14549610550223857,0.4659233424226852,0.4257812346124217,0.12215140834531524,0.10465186404051785,0.2871056750993482,0.15206331123366557,0.07715462675611473,0.07490868447755084,1,1
MS,2025-09-30,,,,0.26985892407656736,0.003377769441224614,0.04192357359815209,0.01251679725909763,,11.40171150033648,0.24340162631172488,0.053834024762493715,,-0.1950477082479658,-0.23678510800210736,0.04173739975414154,27.942033409922697,23.561349653911332,0.12042816475514817,0.4949379355527943,0.5704760841577046,0.17495378760501573,0.04374685483237384,0.07668130992277433,0.0997097149141706,0.13887426602019826,0.03557971664155657,0.10329454937864169,1,1
MS,2025-12-31,0.11427241906534702,,,0.2623195322753848,0.00309589021805713,0.039388347427261,0.011801981313412238,,11.71364841622474,0.24600392883043365,0.05724967787814993,,-0.14377759217277175,-0.18607564729745854,0.04229805512468679,27.98186811031231,23.542380256623126,0.15010157350973996,0.24775686576198308,0.4516467464120866,0.21492520185315608,0.12811315460718609,0.021988418902553875,0.11473373685833697,-0.06789147182308597,-0.04370584558740376,-0.02418562623568221,0,0
C,2024-09-30,,,,,,,,,,,,,,,,,,-0.022845701108712646,0.03341511927112273,0.6097648927788628,0.2901563427189406,-0.07113246194765654,0.0482867608389439,0.1386946980293202,0.13441234702658544,0.028652561032577628,0.10575978599400782,1,1
C,2024-12-31,,,,0.14581844174410294,0.0012137980275782052,0.013691406437262103,0.008324036473440731,,10.27612441154757,0.12210230158375993,0.11752590902039785,,1.266006331052793,1.1798223220667825,0.08618400898601042,28.486688850984947,23.698080862245014,0.14483655619657876,0.11974876051627126,0.3765197712159518,0.2834648339078839,0.11109802571221095,0.03373853048436781,0.12679056892573304,0.015507436604716762,-0.04266863094930573,0.05817606755402249,1,1
C,2025-03-31,,,,0.188139437988982,0.0015803919403122053,0.01913298934126775,0.008400109818573805,,11.102482015743286,0.11498440218486075,0.11990251657194945,,-2.7178371371695755,-2.7880653673441045,0.07022823017452896,28.575515946439776,23.796005446861187,0.015507436604716762,0.1625900365145594,0.15729375779652544,0.2831959428887868,0.05817606755402249,-0.04266863094930573,0.152735245381666,0.20863047968451798,0.10777191871295244,0.10085856097156554,1,1
C,2025-06-30,,,,0.18554083375652095,0.0015323482178397512,0.01884889926930617,0.008258819295005437,,11.296404686195608,0.12115464096764797,0.12867035335133972,,-1.688703199298278,-1.7697243894557038,0.08102119015742579,28.595252889665044,23.79877924550525,0.21634063902608625,0.2352704581978169,0.3873501062302598,0.4192588847467063,0.1116887749855684,0.10465186404051785,0.2871056750993482,0.2199067559044816,0.07715462675611473,0.14275212914836688,1,1
C,2025-09-30,,,,0.1698121747001584,0.001419880982790755,0.01761312158780977,0.008361479294979138,,11.400637489848513,0.11952658019470383,0.13171742400590356,,0.04978501923512107,-0.0233989590405069,0.07318397827562798,28.602737093908114,23.818617175529113,0.1775880726546255,0.6333788409166994,0.6712018962945951,0.21861609526268033,0.10090676273185117,0.07668130992277433,0.0997097149141706,0.17078164136195828,0.03557971664155657,0.1352019247204017,1,1
C,2025-12-31,0.004288777698356228,,,0.12562277580071174,0.0009299255382165149,0.011639683264952353,0.007402523406199454,,11.509578832828524,0.11885697812962658,0.13155906099724446,,1.3500254194204373,1.267107269954245,0.08291814946619216,28.608294805409198,23.70236046934738,0.20593555079466763,0.3318054454627446,0.7037557804364656,0.22637937230927654,0.18394713189211376,0.021988418902553875,0.11473373685833697,-0.02304277820165157,-0.04370584558740376,0.020663067385752187,0,1
AXP,2024-09-30,,,,,,,,,,,,,,,,,,0.1527220256608126,0.20394724718641655,0.8387526738138429,0.24978813060705984,0.10443526482186871,0.0482867608389439,0.1386946980293202,0.09921420969183048,0.028652561032577628,0.07056164865925285,1,1
AXP,2024-12-31,,,,,,,,,,,,,,,,,,0.0983518729738706,0.2628506791032348,0.5949429069601944,0.255019358619128,0.06461334248950279,0.03373853048436781,0.12679056892573304,-0.09133534782600516,-0.04266863094930573,-0.048666716876699434,0,0
AXP,2025-03-31,,,,0.1522956326987682,0.009155199047632545,0.0828152041535799,0.06011465257011664,,8.045702198577015,0.18153087399554996,0.1856762234095322,,0.28078033830376614,0.25543702481287206,0.02534331349089409,26.366037782000014,23.554536118007213,-0.09133534782600516,-0.001966477379542031,0.1951710510455864,0.2585828366582502,-0.048666716876699434,-0.04266863094930573,0.152735245381666,0.18951488447209885,0.10777191871295244,0.08174296575914641,1,1
AXP,2025-06-30,,,,0.16157034050179211,0.009761263516896967,0.08928847760824488,0.060414946744440985,,8.147225403113492,0.196923764024415,0.19566511930057248,,0.24439964157706093,0.2097334229390681,0.03466621863799283,26.412124165144203,23.605605423145313,0.18322613972848245,0.07493025987678514,0.3797000434027662,0.42152330340246175,0.0785742756879646,0.10465186404051785,0.2871056750993482,0.0758486731132284,0.07715462675611473,-0.001305953642886326,1,0
AXP,2025-09-30,,,,0.1574948442418322,0.009752982691984541,0.08952093037603727,0.061925726768610315,,8.178825924669155,0.1942093765753655,0.17969416904721897,,0.33827200694670573,0.3027244111581461,0.03554759578855964,26.41884811503727,23.63702854763315,0.02269164361583198,0.34817260541763106,0.23807037499339323,0.2182375812720392,-0.05398966630694235,0.07668130992277433,0.0997097149141706,0.13280038316404452,0.03557971664155657,0.09722066652248795,1,1
AXP,2025-12-31,,,,0.1297086560244455,0.008205244424299788,0.07354962060106351,0.06325903510058256,,7.963733046543586,0.18792742591284178,0.15899910682148427,,0.1615826352668458,0.12359728149201833,0.03798535377482746,26.427221629915458,23.666704315779267,0.12226883165512392,0.130306249087766,0.25993225068458825,0.24924920829823927,0.10028041275257005,0.021988418902553875,0.11473373685833697,-0.1805597230743865,-0.04370584558740376,-0.13685387748698274,0,0
BLK,2024-12-31,,0.4925136515765369,0.35934472432622866,0.2941694556984323,0.012047758179129243,0.035161595957469205,0.04095516358258486,16.350260416666668,1.879355721654911,0.08883598456155539,0.09206795801320203,13.668674698795181,0.46115906288532676,0.44530561916505196,0.015853443720274793,25.654966142954525,22.459688761135002,0.07619347332973314,0.31075476385389367,0.3114943982143006,0.17324574925277128,0.04245494284536533,0.03373853048436781,0.12679056892573304,-0.07166390245198928,-0.04266863094930573,-0.02899527150268355,0,0
BLK,2025-03-31,,0.47877179681576953,0.3385140257771039,0.2862016679302502,0.010638147975933833,0.0314347572653843,0.0371701117357794,12.35762816553428,1.9100674494129404,0.08700032407603106,0.054578630708317484,11.620481927710843,-0.2137983320697498,-0.22858225928733888,0.014783927217589083,25.678684360404738,22.386434071801478,-0.07166390245198928,-0.0009307507624364275,0.17125935450450025,0.24131728529553603,-0.02899527150268355,-0.04266863094930573,0.152735245381666,0.11445243049261955,0.10777191871295244,0.006680511779667109,1,1
BLK,2025-06-30,,0.4787018255578093,0.3411395906324912,0.293748847501383,0.010875947292961015,0.03241692273254512,0.03702464668532805,13.342230130486358,1.9305264443133026,0.0871304704034956,0.06470949682528845,14.017341040462428,0.2515212981744422,0.23510971786833856,0.016411580306103634,25.71008646627663,22.413915004805336,0.11728542667625264,0.042426666097014065,0.37052917453421763,0.33792602394583393,0.012633562635734785,0.10465186404051785,0.2871056750993482,0.12567067312632596,0.07715462675611473,0.04851604637021123,1,1
BLK,2025-09-30,,0.45936395759717313,0.3141803656475649,0.20325702872945153,0.008132430139781906,0.02382967992939354,0.04001057277387787,14.413122721749696,1.816080981285686,0.07847211123541634,0.06134052937632928,15.792592592592593,0.2172376709171916,0.2052542633277001,0.011983407589491473,25.81506321198412,22.596451671536663,0.09415935079665205,0.3266239940938651,0.25314011769031897,0.20315869393570743,0.01747804087387772,0.07668130992277433,0.0997097149141706,-0.06190411602970991,0.03557971664155657,-0.09748383267126648,0,0
BLK,2025-12-31,0.23445481768539622,0.4563356164383562,0.3179223744292237,0.1608162100456621,0.006629489758703044,0.020165330661322645,0.041224014400169415,15.760919540229885,1.940595476667621,0.0751067659619525,0.06745961717196673,12.478571428571428,0.3249143835616438,0.3063641552511416,0.018550228310502282,25.859052509221584,22.670318190580502,-0.07323328918631056,-0.001406785138650335,0.06552542125379146,0.21131918752376236,-0.09522170808886443,0.021988418902553875,0.11473373685833697,-0.09648901186992831,-0.04370584558740376,-0.05278316628252455,0,0
SCHW,2024-12-31,,,,0.3452805404391068,0.003834587563015403,0.03803617571059432,0.01110571582788537,,8.919235142118863,0.046652759340034135,0.08770160239911805,,-2.0317132670294615,-2.0793769938074687,0.04766372677800713,26.896724804011594,22.396429440261056,0.1722769185677011,0.01858827165450938,0.08692049117662393,0.2494465686888574,0.1385383880833333,0.03373853048436781,0.12679056892573304,0.061207415001713006,-0.04266863094930573,0.10387604595101874,1,1
SCHW,2025-03-31,,,,0.34095374173959636,0.004123974137130241,0.03855708832380683,0.012095406597062451,,8.349498091333238,0.04625159050600234,0.07562923549858178,,1.1357385247365601,1.1148419360600108,0.020896588676549383,26.860783365844036,22.445853847313167,0.061207415001713006,0.24402895841940375,0.0969196645261694,0.2610331227370067,0.10387604595101874,-0.04266863094930573,0.152735245381666,0.16930151903057822,0.10777191871295244,0.06152960031762578,1,1
SCHW,2025-06-30,,,,0.3633566911639036,0.00463245419840675,0.04299205273907505,0.01274905433437342,,8.280621221006653,0.043932051527881884,0.07015139365837503,,0.5429841052811485,0.5211075029909418,0.0218766022902068,26.852176603733998,22.48987842375251,0.17848477640815585,0.24372832751797469,0.2601496815330646,0.3004641377291098,0.073832912367638,0.10465186404051785,0.2871056750993482,0.06492001954506832,0.07715462675611473,-0.012234607211046411,1,0
SCHW,2025-09-30,,,,0.3843520782396088,0.005068188412805881,0.047748258545277825,0.013186317180900796,,8.42116879961121,0.043337524583293034,0.0657102019322737,,0.08769356153219234,0.06405867970660147,0.023634881825590873,26.865851479321286,22.537275915109287,0.0481640635667262,0.28284571821977655,0.49199225067353103,0.2008212520245154,-0.02851724635604813,0.07668130992277433,0.0997097149141706,0.06418413032210157,0.03557971664155657,0.028604413680545004,1,1
SCHW,2025-12-31,0.18896603490336084,,,0.38809974747474746,0.0050081976394871636,0.049752149721800705,0.012904408395197508,,8.934142640364188,0.045114512367743054,0.09374840884326724,,-0.12042297979797979,-0.14535984848484848,0.024936868686868688,26.919699781389692,22.569513491458537,0.08083812152417602,0.09834172350040937,0.366486036668769,0.20923711737686737,0.058849702621622146,0.021988418902553875,0.11473373685833697,-0.05617688005743471,-0.04370584558740376,-0.01247103447003095,0,0
JNJ,2024-09-30,,,,,,,,,,,,,,,,,,0.11819526814279024,0.06709454458798336,0.07758953659777945,0.16587067719155474,0.06990850730384635,0.0482867608389439,0.1386946980293202,-0.10841578803487384,0.028652561032577628,-0.13706834906745147,0,0
JNJ,2024-12-31,,,,,,,,,,,,,,,,,,-0.09548663932399215,0.002778015594465444,-0.06733413532344334,0.13014119171151198,-0.12922516980835996,0.03373853048436781,0.12679056892573304,0.1559083662843075,-0.04266863094930573,0.19857699723361322,1,1
JNJ,2025-03-31,,0.6639565157813,0.2831498652537341,0.5023980267665464,0.05679218881505233,0.14081603912481278,0.11304222108627518,1.2574205226437973,1.479496600903865,0.19804204036742723,0.198656484450434,67.81862745098039,0.19065454711551638,0.15370209656054445,0.036952450554971907,25.989426680095036,23.80943278797161,0.1559083662843075,0.04553456102133291,0.08480335896817981,0.17129690543147233,0.19857699723361322,-0.04266863094930573,0.152735245381666,-0.07103522349078828,0.10777191871295244,-0.17880714220374072,0,0
JNJ,2025-06-30,,0.6787263614539022,0.28260961125384326,0.23320557638040687,0.02863141130053933,0.07055930065117938,0.12277327045488627,1.0058693244739756,1.46440176876123,0.20288123936728564,0.09606027230090647,22.074675324675326,0.16333235058754159,0.10445183843659184,0.058880512150949756,25.987969541409065,23.890553587141518,0.005282285634985229,0.07827170270377959,0.07707517964387356,0.2306104017271091,-0.09936957840553262,0.10465186404051785,0.2871056750993482,0.19772898928743365,0.07715462675611473,0.12057436253131892,1,1
JNJ,2025-09-30,,0.6956195557037469,0.29575292793731506,0.2147292960446797,0.026719774292589826,0.06498732293098881,0.12443469421624762,1.073561501110696,1.432180834289895,0.2043813791386607,0.09455128205128205,31.583673469387755,0.3821531279956654,0.33326386862834995,0.04888925936731547,25.985002203231446,23.901027958084697,0.20070067728538832,0.1787150034872249,0.18112952615834832,0.16504081213883723,0.12401936736261399,0.07668130992277433,0.0997097149141706,0.12651186404384052,0.03557971664155657,0.09093214740228395,1,1
JNJ,2025-12-31,,0.6756228627259404,0.22760950985181566,0.20827226836020193,0.02568144169469404,0.06273913470028451,0.12330706289844888,1.027676163027011,1.4429755714706172,0.19797198935796395,0.09893579639576326,24.205607476635514,0.297549259078326,0.22276502198339032,0.07478423709493567,26.017625381640105,23.924547793413563,0.11981922135995515,0.34473851274485545,0.4747951967280013,0.1470204981707676,0.09783080245740128,0.021988418902553875,0.11473373685833697,0.18743401134804683,-0.04370584558740376,0.23113985693545058,1,1
PFE,2024-09-30,,,,,,,,,,,,,,,,,,0.05456080824989673,0.09445359517037621,-0.09702321246394041,0.22255151337908072,0.006274047410952832,0.0482867608389439,0.1386946980293202,-0.07289683929408175,0.028652561032577628,-0.10154940032665938,0,0
PFE,2024-12-31,,0.6673609547399234,0.1794077910380545,0.023080387300157622,0.0019213106150068418,0.004648367969343446,0.08324429698775984,1.1712524712175834,1.4160402707390904,0.2657172580554462,0.004887626759639356,0.986468200270636,0.37834947083990095,0.32672821436613375,0.05162125647376717,26.086415431495936,23.600439774376266,-0.0582985781931048,-0.025942515636121377,-0.053087486866634004,0.2297498710148481,-0.09203710867747261,0.03373853048436781,0.12679056892573304,-0.029064404740525518,-0.04266863094930573,0.013604226208780212,0,1
PFE,2025-03-31,,0.7925628873496172,0.3226394458621947,0.21633248268319358,0.014262503124579384,0.03284332174721601,0.06592862499278944,1.258120267749369,1.2994642343199982,0.27313630857384585,0.006874074643797951,5.258409785932722,0.17025154939846884,0.12912869121399928,0.041122858184469556,26.060938522972506,23.341755961335977,-0.029064404740525518,-0.0856685694612287,-0.02856159594081764,0.2229620905306861,0.013604226208780212,-0.04266863094930573,0.152735245381666,-0.025160555487918512,0.10777191871295244,-0.13293247420087095,0,0
PFE,2025-06-30,,0.7421688391455674,0.25708046133897494,0.19859414454377944,0.014119702079138262,0.03280906477253509,0.07109827991945462,1.158431850713036,1.3200631377191498,0.27477619544384874,0.00794779106722628,5.654434250764526,-0.03971882890875589,-0.08189449259537296,0.04217566368661708,26.051603064480616,23.4079109296023,0.006618910295741909,-0.05633920484815935,-0.08360234551554069,0.2709323265018242,-0.09803295374477594,0.10465186404051785,0.2871056750993482,0.0008885503304256748,0.07715462675611473,-0.07626607642568906,1,0
PFE,2025-09-30,,0.7494896121051999,0.33187222288939594,0.21262159241023176,0.016964418318314002,0.038156916412538655,0.07978690276001169,1.2822166356978906,1.2460533830454412,0.2708989081640964,0.006434118554503165,6.113496932515337,0.2763900564428966,0.24024258436411672,0.03614747207877987,26.06431217857092,23.53591626476004,0.023683335886313994,0.08744900037277459,-0.05777888084752336,0.22499846724371708,-0.05299797403646034,0.07668130992277433,0.0997097149141706,-0.001561485999331258,0.03557971664155657,-0.03714120264088783,0,0
PFE,2025-12-31,-0.011652780905199833,0.6997209090391296,0.2100017087201686,-0.09386569459474853,-0.007916986933128364,-0.019057310698922244,0.08434377401998462,1.1599069868051048,1.40368425921643,0.29211664104534973,0.0054861644888547275,-1.309423347398031,0.30460784872130775,0.2564788973059179,0.04812895141538987,26.061572851710608,23.588718567733483,-0.06431119596641444,0.01558999556657481,0.006470253428841666,0.27200936211737403,-0.08629961486896831,0.021988418902553875,0.11473373685833697,0.1466011687351092,-0.04370584558740376,0.19030701432251296,1,1
UNH,2024-09-30,,,,,,,,,,,,,,,,,,0.1776519354036521,0.2816863757919448,0.15355227042501896,0.2386318845334323,0.1293651745647082,0.0482867608389439,0.1386946980293202,-0.1281596024060795,0.028652561032577628,-0.15681216343865712,0,0
UNH,2024-12-31,,0.2113742101242969,0.0771077405338915,0.054986260874740844,0.018583335009621896,0.059822141639146106,0.3379632423443901,0.8266341585637329,2.111927734248527,0.2425891282628957,0.0848604322142431,7.770687936191425,0.02350035215808426,0.014453361373714127,0.009046990784370133,26.421291774490232,25.33647363461697,-0.14267830041066243,0.04424254385633963,-0.04739095046210928,0.3103792104515267,-0.17641683089503024,0.03373853048436781,0.12679056892573304,0.03979026985852152,-0.04266863094930573,0.08245890080782725,1,1
UNH,2025-03-31,,0.21696554871092857,0.08322153775952544,0.057421857175450605,0.020310532941670165,0.06620509690860497,0.3537073501404177,0.8485427994818059,2.1530440455396787,0.2301074921721166,0.09915426579295653,9.122244488977955,0.049792379648642485,0.04159707962582706,0.008195300022815424,26.4591604855186,25.419875083251284,0.03979026985852152,-0.10856523862843648,0.08663645158772382,0.33673723236270736,0.08245890080782725,-0.04266863094930573,0.152735245381666,-0.4001247935708845,0.10777191871295244,-0.5078967122838369,0,0
UNH,2025-06-30,,0.17929329128440366,0.04614033830275229,0.030515338302752295,0.011037906751400803,0.03595709640640175,0.36171667644285144,0.8458038833373954,2.1513977450276593,0.23817702780217323,0.09267175028275319,4.974683544303797,0.06439936926605505,0.056461439220183485,0.00793793004587156,26.455224281148933,25.43833024579287,-0.3994023808792593,-0.3745865625432738,-0.35740290775354955,0.6689606477424479,-0.5040542449197771,0.10465186404051785,0.2871056750993482,0.11343297057303126,0.07715462675611473,0.036278343816916525,1,1
UNH,2025-09-30,,0.1823684838416062,0.03813151173991039,0.020749198045262943,0.007447608232969306,0.02451272093290321,0.3589347509587051,0.8229056662569465,2.1866850407675362,0.22964198827033422,0.08630724873044923,4.219341974077767,0.05253576762312104,0.04467086717155204,0.007864900451569004,26.47669207960258,25.452077420385624,0.12979082622637672,-0.35248108597886163,-0.3966124876779862,0.42114669026619683,0.05310951630360239,0.07668130992277433,0.0997097149141706,-0.04097414754692208,0.03557971664155657,-0.07655386418847865,0,0
UNH,2025-12-31,0.12308669040840425,0.16335291259992052,0.00335644570065804,8.832751843836947e-05,3.230172394300684e-05,0.00010625863351397301,0.3657039676207519,0.7883756756051071,2.208936351078525,0.23360606755582544,0.07870315038713616,0.26078028747433263,0.009786689042971338,0.0014132402950139116,0.008373448747957426,26.458485607269754,25.452554502770894,-0.06047308448680033,0.08386363083276338,-0.3313574394628134,0.2834514915133926,-0.08246150338935421,0.021988418902553875,0.11473373685833697,-0.17393095959062377,-0.04370584558740376,-0.13022511400322,0,0
ABBV,2024-12-31,,0.7089127267911535,0.0055621771950735005,-0.0014567606939478214,-0.0001627688460428674,-0.006616541353383459,0.11173341422451742,0.6601976825208392,39.638195488721806,0.44643055319211905,0.0408697775245818,-2.2321937321937324,0.4666931532247384,0.4474241822275195,0.01926897099721891,25.629732497403783,23.438093022327646,-0.0899347421994634,0.08080395775602711,0.15252066061068348,0.30112522218868143,-0.12367327268383121,0.03373853048436781,0.12679056892573304,0.19018460435336726,-0.04266863094930573,0.232853235302673,1,1
ABBV,2025-03-31,,0.700067451097954,0.2983586899497864,0.0963801244098029,0.009444424044357948,0.9056338028169014,0.09799140748356773,0.7602395406971952,94.8612676056338,0.4738882972863805,0.038005361142731245,3.3728571428571428,0.12253616128306978,0.10492393015064079,0.01761223113242899,25.63713322260137,23.314257739706694,0.19018460435336726,0.08314565879107683,0.20132951067861837,0.2207187357808589,0.232853235302673,-0.04266863094930573,0.152735245381666,-0.10588302349493584,0.10777191871295244,-0.21365494220788828,0,0
ABBV,2025-06-30,,0.718213058419244,0.37068015301821955,0.060818258445179275,0.006837631759268709,-5.1256830601092895,0.11242728637867942,0.7358110996554933,-750.3825136612022,0.45894505109999856,0.047141753291248124,3.1,0.3341113920767685,0.3166699085780976,0.017441483498670817,25.644574348296057,23.459125738687888,-0.09179529057528402,0.0538452730777661,0.12909028456245286,0.3041881883609951,-0.19644715461580187,0.10465186404051785,0.2871056750993482,0.2126251030367654,0.07715462675611473,0.13547047628065068,1,1
ABBV,2025-09-30,,0.6637931034482759,0.2905679513184584,0.011790060851926978,0.0013891170891275448,-0.07040121120363362,0.11782102794664595,0.7245055977253687,-51.66426949280848,0.47029081838414316,0.042039462874725535,1.96617050067659,0.44523326572008115,0.42108265720081134,0.024150608519269777,25.620344153012198,23.481755634806692,0.2243241919415564,0.1689053287452098,0.21440488803870528,0.1866524784258343,0.14764288201878206,0.07668130992277433,0.0997097149141706,0.004164108597944471,0.03557971664155657,-0.0314156080436121,1,0
ABBV,2025-12-31,0.10038405509204074,0.7260801540498255,0.34956071729449995,0.10927909495727524,0.013556285458345774,-0.5553516819571865,0.1240519558077038,0.6713483794959458,-41.95351681957187,0.43998954911914007,0.03903404001194386,4.7366946778711485,0.3139968708629197,0.2941990612588759,0.019797809604043808,25.620807084872414,23.5337522821892,-0.027150751303690268,0.2263573390922915,0.33077825879946143,0.23839753860765062,-0.04913917020624414,0.021988418902553875,0.11473373685833697,-0.040483746939351195,-0.04370584558740376,0.0032220986480525626,0,1
MRK,2024-09-30,,,,,,,,,,,,,,,,,,-0.10491891755580107,-0.1146753073229575,0.13672514677291892,0.2578578484729516,-0.15320567839474497,0.0482867608389439,0.1386946980293202,-0.12682789673190886,0.028652561032577628,-0.1554804577644865,0,0
MRK,2024-12-31,,0.7549923195084486,0.27828981054787505,0.2395673323092678,0.03196249551688214,0.08081964027378921,0.13341758748484278,1.3646023926812103,1.5273033489516983,0.29428039553908425,0.11307704131299848,13.713414634146341,0.2208141321044547,0.16084229390681004,0.05997183819764465,25.486345344495348,23.47207403052079,-0.1053149568178855,-0.20168287506943716,-0.09753375743351556,0.18845635300506408,-0.1390534873022533,0.03373853048436781,0.12679056892573304,-0.08991298531306502,-0.04266863094930573,-0.04724435436375929,0,0
MRK,2025-03-31,,0.7798312834052418,0.3823169553738167,0.3270654903728508,0.04411841350914682,0.1050791352022344,0.134891680130644,1.4103042821959164,1.3804075721526843,0.290856656416671,0.07495526484946405,19.859424920127797,0.16098911713568162,0.07547169811320754,0.08551741902247408,25.469258272550427,23.465975080533465,-0.08991298531306502,-0.18575875996533786,-0.29444732124678596,0.2713028100301904,-0.04724435436375929,-0.04266863094930573,0.152735245381666,-0.10926277647577798,0.10777191871295244,-0.21703469518873042,0,0
MRK,2025-06-30,,0.7749588763760598,0.35125901556371,0.2800835125901556,0.03766922219480442,0.09035984732512808,0.13449282268151766,1.423551100357184,1.3974037107341866,0.28903278507185826,0.06813134450277818,17.39016393442623,0.20833860559281286,0.16000253068455017,0.04833607490826269,25.489899896055984,23.483655451729195,-0.08227071000345687,-0.1868176556420429,-0.3601822962983632,0.3223759392283217,-0.18692257404397472,0.10465186404051785,0.2871056750993482,0.002478787263269888,0.07715462675611473,-0.07467583949284484,1,0
MRK,2025-09-30,,0.7768580689974531,0.37937022458902525,0.33485760592729796,0.04465595232581477,0.1115718418514947,0.13335803498371235,1.6612058124912672,1.4973770491803278,0.30853133249965264,0.1402513392926065,21.62691131498471,0.4527668441768928,0.39563556378791387,0.05713128038897893,25.587301867368243,23.572584092044867,0.028754329648549737,-0.009055413717538263,-0.23354647837812226,0.23044429856632945,-0.047926980274224595,0.07668130992277433,0.0997097149141706,0.28120197102752464,0.03557971664155657,0.24562225438596808,1,1
MRK,2025-12-31,0.04966717869943471,0.6615243902439024,0.24786585365853658,0.18067073170731707,0.0216489120745839,0.05632437364559176,0.11982523051744041,1.5362022099057437,1.6006539178040529,0.34157497113965485,0.10641795624917803,9.321167883211679,0.17420731707317072,0.11121951219512195,0.06298780487804878,25.642268181930667,23.520547171776563,0.18600892104570588,0.3247042625636358,0.09788078064384975,0.29257372430264067,0.164020502143152,0.021988418902553875,0.11473373685833697,0.1512536288256281,-0.04370584558740376,0.19495947441303185,1,1
LLY,2024-09-30,,,,,,,,,,,,,,,,,,-0.02154177513357569,0.1452339158666902,0.6569000613607503,0.32417007308052864,-0.06982853597251959,0.0482867608389439,0.1386946980293202,-0.1250855763428722,0.028652561032577628,-0.15373813737544983,0,0
LLY,2024-12-31,,0.8223723102388272,0.4198687633010168,0.32586013241901157,0.056022359143746425,0.30898262331838566,0.17192148891570858,1.1537919368480405,4.515344730941704,0.3624086895763196,0.041516864638251924,23.424121050289276,0.1828003074012769,0.05369177110427997,0.12910853629699692,25.089099571413005,23.328382205242445,-0.1321910191670964,-0.1533080534835407,0.3121218611742542,0.2814278672583158,-0.16592954965146423,0.03373853048436781,0.12679056892573304,0.07167538809199137,-0.04266863094930573,0.1143440190412971,1,1
LLY,2025-03-31,,0.8252582786659858,0.4165298346230899,0.2167812389519582,0.030868520441039594,0.17502917893027503,0.1423947966635641,1.3722583069764966,4.664949761493961,0.3859487989546789,0.03460500644376029,15.181780878128848,0.13085595317594376,-0.12577287190163805,0.2566288250775818,25.21626123163567,23.267109410679836,0.07167538809199137,-0.06999047367618272,0.09299331514478992,0.32006430737919694,0.1143440190412971,-0.04266863094930573,0.152735245381666,-0.05422149892181172,0.10777191871295244,-0.16199341763476416,0,0
LLY,2025-06-30,,0.8426631185843666,0.4512749313844591,0.36383912789165496,0.05608753638927257,0.30977567873736517,0.15415476810942247,1.2776557602659155,4.51890504517619,0.33867637179383014,0.03345038673201047,28.2144578313253,0.19841621833561515,0.08246720273562287,0.11594901559999228,25.337619723367986,23.46782152986093,-0.029931908584686306,0.005660270565413628,-0.14163282854241532,0.46934559526518743,-0.13458377262520416,0.10465186404051785,0.2871056750993482,-0.06596836351059021,0.07715462675611473,-0.14312299026670494,0,0
LLY,2025-09-30,,0.8290816326530612,0.476461297213763,0.3171730830416799,0.048570762358681484,0.2346248733887271,0.15313645752309557,1.546335533084709,3.8281617093887776,0.3556223756997409,0.08519481378235078,41.26948775055679,0.5020169537748285,0.342467387846007,0.1595495659288214,25.46763606834469,23.591210192502945,-0.018740673128468166,-0.028953364069203347,-0.13218154475788102,0.38605746905095356,-0.0954219830512425,0.07668130992277433,0.0997097149141706,0.41587708415918656,0.03557971664155657,0.38029736751763,1,1
LLY,2025-12-31,0.42557342161267253,0.8252280738129795,0.4658614969935725,0.34406489736678414,0.05901436750951314,0.2501488599962314,0.1715210355987055,1.5791132054047916,3.2387789711701527,0.3633486254845478,0.06461822966677336,,0.16714700393945678,0.01317644619531412,0.15397055774414264,25.44600570249876,23.682956339153137,0.31275038973889835,0.3816622435373631,0.4024559346488288,0.2995492396462607,0.2907619708363445,0.021988418902553875,0.11473373685833697,-0.1427168393614371,-0.04370584558740376,-0.09901099377403333,0,0
TMO,2024-12-31,,0.42316805616498465,0.1970162351908732,0.16059675296182535,0.01880375253028637,0.03690632247655541,0.11708675414350449,1.6604410441044104,0.9609559342543108,0.2986097553457116,0.04119357589831588,7.1230283911671926,0.28872312417727075,0.24659938569548048,0.04212373848179026,25.30128063018913,23.15644049964406,-0.15031868220342548,-0.03546117107996449,-0.04135732588565466,0.18693315513757172,-0.1840572126877933,0.03373853048436781,0.12679056892573304,-0.04269098622360834,-0.04266863094930573,-2.2355274302610084e-05,0,0
TMO,2025-03-31,,0.4086260131223466,0.1751254341952914,0.14540717869548436,0.015215920679314628,0.030512249443207125,0.10464353146676629,1.7745559435251252,1.0033610042518728,0.3167375127472461,0.04174028937510728,6.346534653465347,0.06976071015052103,0.034832111153994594,0.034928598996526436,25.318799742762256,23.061604099646274,-0.04269098622360834,-0.18659241563593643,-0.13577357296529924,0.23603826559427663,-2.2355274302610084e-05,-0.04266863094930573,0.152735245381666,-0.18432431274528982,0.10777191871295244,-0.29209623145824226,0,0
TMO,2025-06-30,,0.40611756034641605,0.17652478348995762,0.1489773355444997,0.015973525634693272,0.0320128288887569,0.10722117949224538,1.9330083346438118,1.0023163271366633,0.3261384964931344,0.04520399091178504,5.23019801980198,0.128892574166206,0.10180578588538787,0.027086788280818133,25.340660992557073,23.107799512587626,-0.15961609442958302,-0.22264308050822745,-0.24908852739642573,0.35095854087250583,-0.26426795847010087,0.10465186404051785,0.2871056750993482,0.1405681616569403,0.07715462675611473,0.06341353490082557,1,1
TMO,2025-09-30,,0.4120661751483546,0.1865671641791045,0.14529760834382305,0.01568627450980392,0.03167509506448704,0.1079596194913609,1.497514777001612,1.0166215845387903,0.30923121723937097,0.019238982721801592,6.262247838616715,0.20131271354073008,0.16498831145477433,0.03632440208595576,25.35818898108385,23.132190965711782,0.1348778241029316,0.0338882938528593,-0.2131351876264077,0.30982546755263807,0.058196514180157255,0.07668130992277433,0.0997097149141706,0.2071873147711374,0.03557971664155657,0.17160759812958082,1,1
TMO,2025-12-31,0.07196138657305817,0.4102333196889071,0.18853868194842408,0.16078591895210806,0.017799044796679445,0.036774205628475665,0.110700270973238,1.8899861742050168,1.0636620667702736,0.3249141313903012,0.08928522878660178,6.898630136986301,0.28301268931641427,0.2449447400736799,0.03806794924273434,25.426859533110594,23.225930541656115,0.10462842158985897,0.35188855435747457,0.11777339908212392,0.25819348006063914,0.08264000268730509,0.021988418902553875,0.11473373685833697,-0.15089152816544926,-0.04370584558740376,-0.1071856825780455,0,0
DHR,2024-09-30,,,,,,,,,,,,,,,,,,0.1575697188922871,0.14017398503360257,0.3077853257197054,0.23355271555203796,0.1092829580533432,0.0482867608389439,0.1386946980293202,-0.1730149352511735,0.028652561032577628,-0.20166749628375114,0,0
DHR,2024-12-31,,,,,,,,,,,,,,,,,,-0.16097146619920977,-0.038484530848487686,-0.018100868665036574,0.20292721161522664,-0.19470999668357758,0.03373853048436781,0.12679056892573304,-0.10558621001704305,-0.04266863094930573,-0.06291757906773732,0,0
DHR,2025-03-31,,0.6115659292806132,0.22191255878766766,0.16617314056784532,0.012058243591688155,0.018761430903262603,0.07256433591182568,1.4334085778781038,0.5557434757812346,0.20193134132160373,0.025190858991860052,16.680555555555557,0.22626720083609128,0.1835917087615398,0.04267549207455147,25.094180966865576,22.47089924813191,-0.10558621001704305,-0.24956130917939168,-0.1687551516978183,0.2707592399792063,-0.06291757906773732,-0.04266863094930573,0.152735245381666,-0.034857256261217495,0.10777191871295244,-0.14262917497416994,0,0
DHR,2025-06-30,,0.5934973045822103,0.1280323450134771,0.09349730458221024,0.00679980396961529,0.010604960446363741,0.07272727272727272,1.6194051825677267,0.5594451026101578,0.20648125459446215,0.03622886547414849,10.225352112676056,0.2254043126684636,0.18362533692722371,0.04177897574123989,25.125340166924072,22.50430134281149,-0.012654031368381169,-0.13773960458309564,-0.18783989303919113,0.37795097792323384,-0.11730589540889902,0.10465186404051785,0.2871056750993482,-0.05645079754871818,0.07715462675611473,-0.1336054243048329,0,0
DHR,2025-09-30,,0.5820254419296217,0.19064926482735833,0.1500082603667603,0.011364631963653204,0.017779170174854614,0.07576004105285555,1.5189753320683113,0.5642536860449179,0.2106837553349938,0.019124622952050765,17.059701492537314,0.27457459111184535,0.22633404923178588,0.048240541880059475,25.10400414208007,22.52381985385596,-0.01920865873980071,0.005185543053150887,-0.2825606495229559,0.26957221286956506,-0.09588996866257504,0.07668130992277433,0.0997097149141706,0.164880918131191,0.03557971664155657,0.12930120148963442,1,1
DHR,2025-12-31,,0.5799941503363557,0.21965486984498392,0.17505118455688798,0.014341512508386849,0.022785243842083223,0.08192753762101025,1.873953283384751,0.5886283168995318,0.22064602702961755,0.05529330010543468,25.963636363636365,0.3095934483767183,0.2553378180754607,0.05425563030125768,25.147681238112078,22.64576112816352,0.08989162739170653,0.1301274306314386,0.0035201592698790307,0.2811630016056713,0.06790320848915266,0.021988418902553875,0.11473373685833697,-0.16999751980366307,-0.04370584558740376,-0.1262916742162593,0,0
BMY,2024-09-30,,,,,,,,,,,,,,,,,,0.29855904421911883,0.018354323696550212,-0.061365519109860545,0.30492803302883614,0.25027228338017493,0.0482867608389439,0.1386946980293202,0.09562305853338104,0.028652561032577628,0.06697049750080342,1,1
BMY,2024-12-31,,0.6101118133203695,0.04132231404958678,0.00583373845405931,0.0007775126075829077,0.004407713498622589,0.1332786194831701,1.2526289223521494,4.66574839302112,0.5140546202606827,0.11172424219517726,1.3528225806451613,0.3596661805217955,0.32903905363798414,0.030627126883811376,25.251587375481968,23.236273916845285,0.06386056873683632,0.4420861912773393,0.12622958689923003,0.2874755771154473,0.030122038252468508,0.03373853048436781,0.12679056892573304,0.0902263970147612,-0.04266863094930573,0.13289502796406694,1,1
BMY,2025-03-31,,0.729220605303098,0.3122042674761182,0.21926613695205785,0.026572321940558495,0.14123871412962216,0.12118753178183864,1.2788948899044454,4.311863821956409,0.49938870676317526,0.11766042390210653,7.01417004048583,0.1744487099366128,0.1512364967413624,0.023212213195250422,25.249684980701876,23.139268896976013,0.0902263970147612,0.15984887478003573,0.2084906052414004,0.2522268320533498,0.13289502796406694,-0.04266863094930573,0.152735245381666,-0.23279655937493926,0.10777191871295244,-0.3405684780878917,0,0
BMY,2025-06-30,,0.7251609748145733,0.3076045317466786,0.10677316814736328,0.013836663990874139,0.07513622024663034,0.129589336262622,1.2068439407149085,4.427129337539432,0.4697072119650175,0.13307490810765135,4.655670103092784,0.3192599233841389,0.28983617246719373,0.029423750916945147,25.273726373128977,23.230341592755458,-0.21424441117986348,-0.16696197774376575,0.17591244908680048,0.31090411111619115,-0.31889627522038133,0.10465186404051785,0.2871056750993482,-0.03365135269414854,0.07715462675611473,-0.11080597945026327,0,0
BMY,2025-09-30,,0.7189494354442808,0.2977417771232204,0.18008509245622648,0.022716717067985014,0.11863949978438983,0.12614435075189134,1.2663491612169462,4.219976282880552,0.45896851035721287,0.16230944689283613,7.4875,0.5163639338897071,0.49018163966617573,0.026182294223531338,25.296831830307504,23.226503443419134,-0.04062963505513162,-0.20113966473874945,-0.08730754735260537,0.2397891404933244,-0.11731094497790595,0.07668130992277433,0.0997097149141706,0.21626826107208297,0.03557971664155657,0.1806885444305264,1,1
BMY,2025-12-31,0.013044887376439052,0.6723186435255538,0.2249860033591938,0.08693913460769416,0.012072680423821053,0.058842635197315,0.13886359092827472,1.2550711021907162,3.872245980620365,0.47591017126102314,0.1133854594726671,4.402777777777778,0.15788210829400945,0.12828921058945852,0.029592897704550907,25.223497640388178,23.249234452459273,0.19574378218112276,0.1654169489509052,0.0010821201217023901,0.2758238850905234,0.1737553632785689,0.021988418902553875,0.11473373685833697,0.1376853347013418,-0.04370584558740376,0.18139118028874557,1,1
CVS,2024-09-30,,,,,,,,,,,,,,,,,,0.10552625683135775,-0.13934052914224215,-0.06235536234985395,0.29115636951765383,0.05723949599241385,0.0482867608389439,0.1386946980293202,-0.29342156573301204,0.028652561032577628,-0.32207412676558966,0,0
CVS,2024-12-31,,0.13201309998976563,0.025360761436905126,0.016825299355234878,0.006492506368106155,0.021757543673901536,0.38587761388543335,0.811320308714203,2.348928004235045,0.23903402247102265,0.033907943842189446,3.8047493403693933,0.01903592262818545,0.01117592876880565,0.007859993859379797,26.257504767167873,25.305269744902663,-0.2707224356593023,-0.18928535652093093,-0.42154871756266266,0.4066784480660537,-0.30446096614367013,0.03373853048436781,0.12679056892573304,0.5284257437378646,-0.04266863094930573,0.5710943746871703,1,1
CVS,2025-03-31,,0.15219689601217914,0.03567048674250434,0.01880788260667315,0.006960502376900053,0.023125219358109426,0.3700843163722441,0.822731309225391,2.3199963602802582,0.23099947179998825,0.039423283839035934,4.33375796178344,0.04816678648454349,0.04031166744195881,0.007855119042584683,26.266820872281723,25.272796455063823,0.5284257437378646,0.11464660366876922,-0.10963183953388345,0.42215013403776697,0.5710943746871703,-0.04266863094930573,0.152735245381666,0.02865161635600333,0.10777191871295244,-0.07912030235694911,1,0
CVS,2025-06-30,,0.1374210180457969,0.0240711722185715,0.010321993630895213,0.0039521101791029755,0.013194794453275437,0.3828824469794033,0.8033920265075083,2.3364478734540377,0.221759443840166,0.045625389501554134,3.1585845347313235,0.019178082191780823,0.013041500278016479,0.006136581913764343,26.2775539962864,25.317526732426465,0.025171220740913824,0.5960390013843586,0.24108307649752625,0.2998799942135808,-0.07948064329960403,0.10465186404051785,0.2871056750993482,0.1074828629506106,0.07715462675611473,0.030328236194495872,1,1
CVS,2025-09-30,,0.13420691934558818,0.024477257924973995,-0.03864062758211741,-0.015568271275658274,-0.05450581395348837,0.40289902752157036,0.8318571659744323,2.4985876480912683,0.23698237945849832,0.03563273762665131,-3.441326530612245,0.007737846429022757,0.0009526494347289324,0.006785196994293825,26.26581091353372,25.3567416130492,0.14432756607137653,0.14054069983641337,0.2539030514890388,0.25978817825370376,0.0676462561486022,0.07668130992277433,0.0997097149141706,0.07009104556553547,0.03557971664155657,0.0345113289239789,1,1
CVS,2025-12-31,0.0817009517961298,0.12836233241558098,0.019982401861996537,0.027844795776446878,0.01160772744125141,0.039128353763926926,0.4168724214910585,0.8423984124836513,2.368654771718031,0.23863089556595066,0.033340169915357855,2.7204574332909783,0.03207402571598876,0.024656315933883986,0.007417709782104775,26.25877955012423,25.383804502464056,0.03303780227843145,0.19948627405722696,0.8434776166645157,0.23296186490842588,0.011049383375877575,0.021988418902553875,0.11473373685833697,-0.08756414131186929,-0.04370584558740376,-0.043858295724465535,0,0
BA,2025-03-31,,0.12397414854329093,0.02364587607714403,-0.0018978251949117767,-0.00023643078967883752,0.011127819548872181,0.12457985609671936,1.2316167248731356,-48.06586466165413,0.29194729510396566,0.06480759645737216,1.1073446327683616,-0.08288879770209273,-0.11745999179318835,0.03457119409109561,25.776283507533527,23.693475153269315,-0.036440660724532115,0.11550790589711424,-0.09999998389573717,0.3332006413029873,0.006227970224773616,-0.04266863094930573,0.152735245381666,0.22855464690733296,0.10777191871295244,0.12078272819438052,1,1
BA,2025-06-30,,0.10703767198558178,-0.011780737614840213,-0.026858323442788695,-0.003938886023723569,0.18543247344461306,0.1466542031975245,1.2314366971057111,-48.07769347496206,0.2875451263537906,0.04568720990201135,0.20985915492957746,0.009978460591674359,-0.008791595234955383,0.01877005582662974,25.767464847880806,23.847787025333318,0.24594161301471185,0.21911912917918785,0.12228174721065321,0.49492671239329866,0.141289748974194,0.10465186404051785,0.2871056750993482,0.03603304107165295,0.07715462675611473,-0.04112158568446178,1,0
BA,2025-09-30,,-0.1020627417275462,-0.20601633003867642,-0.22935109583154276,-0.03557454523639709,0.6469090909090909,0.1551095498690201,1.1820293445859626,-19.1849696969697,0.2973610713024003,0.041147024122967814,-6.491354466858789,0.0482595616673829,0.010227761065749892,0.038031800601633005,25.734054452621645,23.87043081426061,0.017922006667147494,0.4301901570044524,0.4195607166653301,0.27100442489427806,-0.05875930325562684,0.07668130992277433,0.0997097149141706,0.006579243649624145,0.03557971664155657,-0.029000472991932424,1,0
BA,2025-12-31,,0.07566393853348923,-0.034032069483881745,0.3432436946717889,0.048860225280114127,1.507150715071507,0.1423485006092668,1.1881700041622347,29.845617895122846,0.27044313014533244,0.06491514845305674,13.623672230652504,0.055578753966928345,0.01528311341239352,0.04029564055453483,25.848627648450815,23.899150650009517,-0.001425735036729714,0.0055575998444723496,0.22666663908015527,0.3141124679268226,-0.02341415393928359,0.021988418902553875,0.11473373685833697,-0.08331796584707363,-0.04370584558740376,-0.03961212025966987,0,0
CAT,2024-09-30,,,,,,,,,,,,,,,,,,0.1981721273232666,0.04884204649664303,0.46480366983590815,0.2628361572350461,0.1498853664843227,0.0482867608389439,0.1386946980293202,-0.06853588199578742,0.028652561032577628,-0.09718844302836505,0,0
CAT,2024-12-31,,0.3426456984273821,0.1803268578476719,0.1721245760098674,0.03180119411148079,0.14319429480272947,0.18475684791030492,1.4155304908279622,3.502642245138782,0.3128161888701518,0.078494599152272,31.30841121495327,0.20925069380203515,0.14529756398396546,0.06395312981806969,25.197917230726116,23.509202576705693,-0.07609846771132855,0.11328164233920912,0.25919277901165394,0.2792054571669464,-0.10983699819569637,0.03373853048436781,0.12679056892573304,-0.08752613083840288,-0.04266863094930573,-0.04485749988909715,0,0
CAT,2025-03-31,,0.3479542424029756,0.18099515755491613,0.14057126815916907,0.023571916115517687,0.11086511318979354,0.16768658648527784,1.3198036508666973,3.703105108761831,0.3038458822698708,0.041918704544919624,23.155172413793103,0.09046248859569092,0.026036914871219032,0.0644255737244719,25.165611164292237,23.379952565760064,-0.08752613083840288,-0.1569639941082276,-0.079652878693516,0.25090484882830494,-0.04485749988909715,-0.04266863094930573,0.152735245381666,0.18277503021865993,0.10777191871295244,0.07500311150570749,1,1
CAT,2025-06-30,,0.32747902709879895,0.1726115034099825,0.13151065242319995,0.024123996678660393,0.11676759016129896,0.18343758649321892,1.3383809469284937,3.8402014897379564,0.3094159977857736,0.06024910047052311,23.365079365079364,0.1884241656104774,0.13078640835294827,0.05763775725752912,25.226680113980116,23.53079931653357,0.180019936630732,0.08822096011566494,0.19884538170782995,0.35266349853264817,0.07536807259021416,0.10465186404051785,0.2871056750993482,0.21928241877853583,0.07715462675611473,0.1421277920224211,1,1
CAT,2025-09-30,,0.31857353441433267,0.1730354915523302,0.13040027213969838,0.02454066281129297,0.11133701229547875,0.18819487420242845,1.3841793781778777,3.536789621454158,0.2959390537974008,0.08042935490066366,24.51127819548872,0.2118720943417621,0.15115092414105907,0.06072117020070303,25.263598790520494,23.5933215024124,0.2019624542330154,0.5737955446953766,0.23926958303192114,0.21243462011202704,0.12528114431024107,0.07668130992277433,0.0997097149141706,0.21612152550247798,0.03557971664155657,0.18054180886092142,1,1
CAT,2025-12-31,0.17995683009559138,0.28615481105942614,0.13902681231380337,0.12554225683374276,0.02436476137343409,0.11267473496575664,0.1940761779175331,1.4356638765796816,3.624495731306877,0.31130496525840645,0.10123243901202009,24.826771653543307,0.18768619662363456,0.11754560183975331,0.07014059478388125,25.314184957164642,23.67468042984928,0.17111913601676276,0.449305027675148,0.6030458935391738,0.3307654586494137,0.1491307171142089,0.021988418902553875,0.11473373685833697,0.23957897327255995,-0.04370584558740376,0.2832848188599637,1,1
GE,2024-09-30,,,,,,,,,,,,,,,,,,0.17174963817172562,0.30143899672848096,1.184134974051303,0.3117358151130573,0.12346287733278172,0.0482867608389439,0.1386946980293202,-0.107148941234531,0.028652561032577628,-0.13580150226710863,0,0
GE,2024-12-31,,,,,,,,,,,,,,,,,,-0.1039382445057726,0.044189305189656025,0.6702406588990946,0.3160068011455777,-0.13767677499014042,0.03373853048436781,0.12679056892573304,0.20224453964593225,-0.04266863094930573,0.24491317059523798,1,1
GE,2025-03-31,,0.32595127843768873,0.20163076303603786,0.19911415341252264,0.01593580561217502,0.1027479091995221,0.08003351514223794,1.0754414584585443,5.436340969300296,0.14088444526800029,0.09994118737059207,11.69047619047619,0.1519025568753775,0.13096436480773102,0.020938192067646466,25.54453884639241,23.01922905363157,0.20224453964593225,0.07728535272848336,0.44224627568883523,0.28777981248961676,0.24491317059523798,-0.04266863094930573,0.152735245381666,0.2859857237518859,0.10777191871295244,0.17821380503893347,1,1
GE,2025-06-30,,0.3155507167483215,0.19043730720377428,0.1839956450734894,0.01619084115730983,0.10598379932061668,0.08799578463307146,1.0366094444139746,5.534935981186308,0.13570607396052883,0.08671041706584914,16.120253164556964,0.20377426964253312,0.17410633278896753,0.029667936853565596,25.553625479955635,23.123159112407453,0.2630159646079995,0.529562226740957,0.6299264616958251,0.39250573521475646,0.15836410056748162,0.10465186404051785,0.2871056750993482,0.14385984610505043,0.07715462675611473,0.0667052193489357,1,1
GE,2025-09-30,,0.321730563993104,0.1895575075937936,0.17707905754864134,0.016819631480860554,0.1146608547735488,0.0949837418026715,1.077255987742265,5.80597490963215,0.14637835983250547,0.09747900470201103,12.177777777777777,0.20531976028240703,0.18011657499384287,0.025203185288564158,25.577192738611014,23.223143197664232,0.23238989380641129,0.6075650829446191,0.6050531392787757,0.23037084298361618,0.15570858388363695,0.07668130992277433,0.0997097149141706,0.036953369553631044,0.03557971664155657,0.0013736529120744745,1,1
GE,2025-12-31,,0.29912715263033735,0.1784225839427538,0.19981127624439726,0.0195207768362667,0.1360496867805322,0.09769607202943865,1.0414047869474872,5.957648444611019,0.14449676958415597,0.09519931780992402,12.404,0.17936620272076748,0.14547456161044273,0.03389164111032476,25.592099443133613,23.26620551798502,0.029828918457629916,0.2524706665529206,0.857337207529159,0.23913563318114375,0.007840499555076041,0.021988418902553875,0.11473373685833697,-0.07741660874832379,-0.04370584558740376,-0.03371076316092003,0,0
MMM,2024-09-30,,,,,,,,,,,,,,,,,,0.35245936142296874,0.48504597630183177,0.894405634495971,0.3863493681192299,0.30417260058402484,0.0482867608389439,0.1386946980293202,-0.05035282384258133,0.028652561032577628,-0.07900538487515896,0,0
MMM,2024-12-31,,,,,,,,,,,,,,,,,,-0.04174428314025869,0.28776292730969977,0.45221105428321073,0.2123707810479912,-0.0754828136246265,0.03373853048436781,0.12679056892573304,0.14326766216821918,-0.04266863094930573,0.1859362931175249,1,1
MMM,2025-03-31,,0.415854887470608,0.20927107826671146,0.18743701713134028,0.027934219418788014,0.25,0.14903256489199268,1.6566500899375727,7.936379928315413,0.30805236414607895,0.15834397136492204,6.431372549019608,-0.013268390997648639,-0.05290560967416862,0.03963721867651999,24.41091954013453,22.507329099539994,0.14326766216821918,0.09554277317356741,0.597587135876765,0.2334385717036592,0.1859362931175249,-0.04266863094930573,0.152735245381666,0.041710659224914126,0.10777191871295244,-0.06606125948803832,1,0
MMM,2025-06-30,,0.42528373266078184,0.1801702395964691,0.11396595208070617,0.019031825001974256,0.16853146853146853,0.1669957092842665,1.7196465163934427,7.841025641025641,0.32843717918344784,0.09771249572244597,4.894514767932489,-0.15037831021437578,-0.18316519546027743,0.03278688524590164,24.360562481082994,22.57077532127896,0.0359967314157148,0.1853527767056644,0.5444894812494294,0.3841183443694181,-0.06865513262480305,0.10465186404051785,0.2871056750993482,0.01676251063141221,0.07715462675611473,-0.06039211612470252,1,0
MMM,2025-09-30,,0.4181371796839036,0.24673929722264845,0.1279729937087617,0.022174363882906598,0.18020743301642178,0.17327377628885166,1.8423222260391618,7.1166810717372515,0.31517375235968204,0.12419239052404882,5.943965517241379,0.26944913303667334,0.23599815866196103,0.03345097437471229,24.35056239774841,22.597679984296654,0.012515317853559083,0.1210856054369236,0.15779509733233898,0.22735714901337892,-0.06416599206921525,0.07668130992277433,0.0997097149141706,0.046622758881744275,0.03557971664155657,0.011043042240187706,1,1
MMM,2025-12-31,,0.3355617153106147,0.12946355780205446,0.09408120006522093,0.015291654519916254,0.1227137388345385,0.16253677152625023,1.7078686816050026,7.015312632922161,0.2897198738504757,0.13873797471709115,4.414414414414415,0.25811185390510355,0.21767487363443666,0.04043698027066688,24.3538008800861,22.53694986359026,0.012518441689365334,0.056171474915906794,0.26363540133689245,0.2374396655171671,-0.00946997721318854,0.021988418902553875,0.11473373685833697,-0.08880914971158715,-0.04370584558740376,-0.045103304124183397,0,0
HON,2024-09-30,,,,,,,,,,,,,,,,,,-0.025273115289626946,0.05541987216369648,0.157253807621744,0.16855869024776804,-0.07355987612857084,0.0482867608389439,0.1386946980293202,0.1016184411968144,0.028652561032577628,0.07296588016423677,1,1
HON,2024-12-31,,,,,,,,,,,,,,,,,,0.11340996915823376,0.07540567053073821,0.103893509333703,0.20983202625484842,0.07967143867386595,0.03373853048436781,0.12679056892573304,-0.057579956706401036,-0.04266863094930573,-0.014911325757095306,0,0
HON,2025-03-31,,0.38789915966386557,0.19450980392156864,0.1623529411764706,0.019264005956021166,0.08297543377426558,0.11865510914940573,1.2525485931765665,3.274752333505125,0.34225850195431945,0.1283868223031721,6.842105263157895,0.066890756302521,0.045602240896358545,0.021288515406162466,25.04365640096189,22.912122164612114,-0.057579956706401036,0.049299871337627366,0.07044552783925151,0.20385399632392284,-0.014911325757095306,-0.04266863094930573,0.152735245381666,0.10540679972223077,0.10777191871295244,-0.0023651189907216708,1,0
HON,2025-06-30,,0.3886205564142195,0.20421174652241114,0.151661514683153,0.02002065825884033,0.09754582168375271,0.13200882439204784,1.2936306027105786,3.8375271823547688,0.3846899348372206,0.13197056835715834,6.66969696969697,0.12741499227202474,0.09225270479134466,0.03516228748068006,25.085332081880274,23.060445574704957,0.09660289015576629,0.04346657796763931,0.12716297225929551,0.29498950414623193,-0.008048973884751565,0.10465186404051785,0.2871056750993482,-0.09666152981960563,0.07715462675611473,-0.17381615657572036,0,0
HON,2025-09-30,,0.3407955418908532,0.16852421214450422,0.17534588777863183,0.022553975060864838,0.10874746752472887,0.12862562873067465,1.3581430275188833,3.7637349541175067,0.37188724248303817,0.15979336851341497,7.27683615819209,0.3159108378170638,0.2799769408147579,0.03593389700230592,25.11668977490572,23.065840578156614,-0.11562400592255273,0.02901558093770462,0.03946480001125052,0.1788232906055433,-0.19230531584532706,0.07668130992277433,0.0997097149141706,-0.0006414777158416651,0.03557971664155657,-0.036221194357398234,0,0
HON,2025-12-31,,0.36064139941690965,0.10408163265306122,-0.016763848396501458,-0.0015607822912284035,-0.008271001150747987,0.0931040566767552,1.2978132741095072,4.21828250863061,0.36835819274982695,0.16947381278755716,-0.339572192513369,0.17551020408163265,0.16705539358600582,0.008454810495626823,25.023010801005487,22.648973278684206,-0.013173505085172788,-0.12930850878900346,-0.06366074080747008,0.2049060387472898,-0.03516192398772666,0.021988418902553875,0.11473373685833697,0.16434562897851057,-0.04370584558740376,0.20805147456591433,1,1
UPS,2024-12-31,,0.20789692107031343,0.11564760286154697,0.06802102683688392,0.024561153132581705,0.10294293575786577,0.36108177536748964,1.174502767471565,3.189795430075368,0.2775224775224775,0.08722705865563009,10.2882096069869,0.13102248922967472,0.08762499505948382,0.043397494170190905,24.972760579328853,23.954109757590466,-0.040282829187887614,-0.05187188878445648,-0.16519999461436974,0.21563969352188495,-0.07402135967225543,0.03373853048436781,0.12679056892573304,-0.11527127456294206,-0.04266863094930573,-0.07260264361363633,0,0
UPS,2025-03-31,,0.1707973637798199,0.07732293697205977,0.05509143228441474,0.017337072415505507,0.07579821200510856,0.3146963456314083,1.091315453384419,3.370498084291188,0.28497356352057956,0.07013700230771477,7.86036036036036,0.10758377425044091,0.06692657569850552,0.04065719855193539,24.94960310862701,23.79345602141841,-0.11527127456294206,-0.15091065068734066,-0.21657968785159887,0.3405822282722265,-0.07260264361363633,-0.04266863094930573,0.152735245381666,-0.06718113482379706,0.10777191871295244,-0.1749530535367495,0,0
UPS,2025-06-30,,0.17812544177936948,0.08585834786296594,0.06045897931294472,0.01809004131240923,0.08146031746031746,0.2992118212709558,1.3237359550561798,3.501333333333333,0.33585719724207946,0.08733415112163896,7.983193277310924,0.016398850195561,-0.03652042787804533,0.052919278073606336,24.98486061844218,23.778257094375324,-0.06094877910569707,-0.15985089271549202,-0.21521548381690858,0.331127380623922,-0.16560064314621492,0.10465186404051785,0.2871056750993482,-0.14705960393270923,0.07715462675611473,-0.22421423068882396,0,0
UPS,2025-09-30,,0.16278309596077517,0.08424001867849638,0.06121877188886295,0.01836340206185567,0.08285407318460469,0.2999635813536531,1.3046316657504122,3.510333059470391,0.33407104437471985,0.09474450918870461,6.52233676975945,0.11590007004436143,0.07060471632033621,0.04529535372402522,24.991451655196535,23.787357448013747,-0.19359964891280967,-0.13595952132494848,-0.34849742685776597,0.2823917514500824,-0.270280958835584,0.07668130992277433,0.0997097149141706,0.21408865806869826,0.03557971664155657,0.1785089414271417,1,1
UPS,2025-12-31,-0.03248883443342321,0.20768822255811104,0.10519220556395277,0.07316475346215123,0.024504036119852236,0.11037160288408208,0.3349158571624025,1.219270166453265,3.502495840266223,0.3217813654398686,0.08054453413599671,9.917293233082706,0.13489113117365906,0.1056415703255852,0.02924956084807386,25.01495739543871,23.92108144408296,0.17931889656560274,-0.012579272620188764,-0.15933651265933535,0.24997112825512316,0.15733047766304886,0.021988418902553875,0.11473373685833697,0.005665478026853243,-0.04370584558740376,0.049371323614257,1,1
FDX,2024-08-31,,,,,,,,,,,,,,,,,,0.18288047439906108,0.22350597731009603,0.16792685561111753,0.30556938609366974,0.11058130230421259,0.07229917209484849,0.13356672401439604,0.018017006525769652,0.07223649223178463,-0.05421948570601498,1,0
FDX,2024-11-30,,0.20844903719215185,0.06273045932535166,0.03373241680702872,0.00866859302067126,0.02800453514739229,0.25698108351563503,1.2313090605892163,2.2305744520030233,0.2273370690562815,0.058831787180777015,,0.05999908954340602,0.022761414849547048,0.03723767469385897,25.171559965971888,23.81280716417846,0.018017006525769652,0.23005680989150812,0.19313171130786344,0.33751113364935104,-0.05421948570601498,0.07223649223178463,0.1473930770230194,-0.12710554574460564,-0.010572077104027078,-0.11653346864057856,0,0
FDX,2025-02-28,,0.2134927797833935,0.06638086642599278,0.04101985559566787,0.010688710417083122,0.03403474614347761,0.2605740625330715,1.2387737478411054,2.184177025610304,0.22964853074327105,0.0603812189127853,,0.0907942238267148,0.04580324909747292,0.04499097472924188,25.16642284787433,23.821554698825494,-0.12710554574460564,-0.09536121418564636,0.077626307560968,0.251789574690366,-0.11653346864057856,-0.010572077104027078,0.12951165675383244,-0.15761283190987885,-0.0039635900784568134,-0.15364924183142203,0,0
FDX,2025-05-31,,0.23892889288928892,0.08717371737173718,0.07416741674167417,0.01880698871352437,0.05870200185224763,0.2535748114165725,1.193043929660632,2.121286599700791,0.21855135974071918,0.06278886644527372,,0.11336633663366337,0.047074707470747074,0.0662916291629163,25.196355006577065,23.824258621157895,-0.1658736602357186,-0.25722028564537947,-0.10783535990304671,0.4314471169897735,-0.1607961506550104,-0.005077509580708184,0.2872908392478141,0.06630817438916203,0.09767193739936109,-0.03136376301019905,1,0
FDX,2025-08-31,,0.21102319726667865,0.0583528142420428,0.03704369717676677,0.009319580166485705,0.029671239782506933,0.2515834238146942,1.2460706003607318,2.1837528356919087,0.22949466159971046,0.06973850886717337,,0.0771443984894803,0.04913684589102679,0.028007552598453514,25.205318785687417,23.82533814627173,0.030779469066504195,-0.09179596265024537,-0.2193739112414923,0.2980601410879634,-0.04680143041831197,0.07758089948481617,0.12049834078492466,0.23760647954196346,0.07030574645989529,0.16730073308206816,1,1
FDX,2025-11-30,0.06837529020804056,0.21867143891942561,0.0690698368059994,0.04073458604968256,0.010719772148776084,0.03397299218194741,0.26316143573182627,1.2737757493524116,2.1691897654584222,0.22755968199504378,0.07367040064587749,,0.08313093868507393,0.050875623162469644,0.032255315522604286,25.213933849359393,23.878946238317464,0.22710155808207544,0.264871092530522,-0.05707627303219065,0.2744159907578383,0.16168220217656848,0.06541935590550696,0.11851082765222064,0.42307626003265075,0.011388104840801772,0.411688155191849,1,1
XOM,2024-09-30,,,,,,,,,,,,,,,,,,0.03488984312671306,-0.0014795690301317999,0.04929531110908636,0.21744232800171787,-0.013396917712230838,0.0482867608389439,0.1386946980293202,-0.09035114944197509,0.028652561032577628,-0.11900371047455272,0,0
XOM,2024-12-31,,0.21277356954279653,0.09589429791013843,0.09388339213896223,0.016781520480732125,0.028858004209248972,0.17874855284194277,1.3084045685351386,0.6934604956295861,0.07233915871878273,0.05078339489497767,34.04040404040404,0.15086728021910237,0.06652026943669964,0.08434701078240273,26.840205978190443,25.11843078476052,-0.1075221140725724,-0.03566153702957664,0.08674639444868903,0.2017562883429243,-0.1412606445569402,0.03373853048436781,0.12679056892573304,0.11549497062075109,-0.04266863094930573,0.15816360157005682,1,1
XOM,2025-03-31,,0.22804658392755806,0.12146857805521973,0.09515408719682203,0.017067633235083247,0.029358252131546893,0.1793683670127548,1.2357339256931559,0.6931409866017052,0.072632040149765,0.03769793851845951,57.58536585365854,0.15979915615978682,0.08703644304078562,0.0727627131190012,26.83674445623859,25.11843078476052,0.11549497062075109,-0.004445406857714218,0.05089622250420156,0.20725443162168017,0.15816360157005682,-0.04266863094930573,0.152735245381666,-0.08523621323614794,0.10777191871295244,-0.19300813194910038,0,0
XOM,2025-06-30,,0.22581375743925916,0.11212048768826201,0.08910754054632158,0.01582226869259624,0.02696949271305785,0.17756374595897648,1.2486319156115668,0.6764650999836248,0.07500050268433435,0.032064558073445534,74.82758620689656,0.1453250625967261,0.06627074499540747,0.07905431760131862,26.827159110948852,25.098733508572913,-0.08608157052151089,0.02288678196299765,-0.029584879565145328,0.298644647329076,-0.19073343456202874,0.10465186404051785,0.2871056750993482,0.06941431025156719,0.07715462675611473,-0.00774031650454754,1,0
XOM,2025-09-30,,0.22601432840119523,0.11013908389434904,0.09057853619901357,0.016613109125324647,0.028968264629012017,0.18341110181802175,1.1368657675016056,0.7142933900315089,0.07224545494563543,0.030404542853369722,122.46666666666667,0.1774609689071294,0.07273403655302349,0.10472693235410592,26.842111653381487,25.146086465748542,0.02475621313499765,0.021500521867548805,-0.003354970231915444,0.20344834856097604,-0.05192509678777668,0.07668130992277433,0.0997097149141706,0.07835231858558367,0.03557971664155657,0.0427726019440271,1,1
XOM,2025-12-31,-0.012571245281157495,0.19957770586838916,0.07500093704319144,0.08122290383438074,0.014479486836830148,0.025063033471351578,0.17826851975589114,1.1527996681874741,0.703021751366689,0.062203216178894384,0.02378947837320148,50.26993865030675,0.15841027499094193,0.0653306513074876,0.09307962368345432,26.83024418026673,25.10577985283077,0.09077691152301992,0.09199793096440567,0.15977168684793797,0.18461555626206125,0.06878849262046605,0.021988418902553875,0.11473373685833697,0.4192359500422689,-0.04370584558740376,0.46294179562967264,1,1
CVX,2024-12-31,,0.2733686431911284,0.049985517441138744,0.06701286878801671,0.012606154013808778,0.021264722488478053,0.18811542084082541,1.0610249494268376,0.6813442928609882,0.0762401824564681,0.026391580848298034,31.44723618090452,0.17989407042661482,0.09014358422642446,0.08975048620019034,26.272100647601157,24.6014010837072,-0.030688968326163857,-0.041182912513513026,0.010703051521710805,0.19336956387286577,-0.06442749881053167,0.03373853048436781,0.12679056892573304,0.1678094253043474,-0.04266863094930573,0.21047805625365312,1,1
CVX,2025-03-31,,0.2899720179605648,0.09320839027352985,0.07592026203336154,0.013650705741486835,0.02345152903969339,0.17980319582522417,1.0804436726233824,0.7123703465465948,0.09986466300307725,0.01808913520829027,27.33490566037736,0.112557211340318,0.027374677338886357,0.08518253400143164,26.269992861456455,24.554100478687715,0.1678094253043474,0.1319705588401865,0.09710892968512419,0.209539628794475,0.21047805625365312,-0.04266863094930573,0.152735245381666,-0.13363545423221057,0.10777191871295244,-0.241407372945163,0,0
CVX,2025-06-30,,0.296856338028169,0.09142535211267605,0.056112676056338025,0.009927438003349016,0.01700622195510084,0.17691970337293678,0.9960949837769547,0.7073085775558849,0.09279961725540228,0.01619089386811259,16.135036496350367,0.19326197183098592,0.1096112676056338,0.08365070422535212,26.248001387342313,24.51594208474199,-0.13990788705717772,-0.0011472774578441536,-0.04361514779705167,0.32159836703711003,-0.24455975109769557,0.10465186404051785,0.2871056750993482,0.10229560616122324,0.07715462675611473,0.02514097940510851,1,1
CVX,2025-09-30,,0.31119599742573023,0.08920675123004422,0.07347048931885652,0.010839170477272658,0.018641719736835174,0.14753094171227654,1.152063599458728,0.6895223948209837,0.1162416041604773,0.023659958162455856,15.632432432432433,0.19483485229089248,0.10257634578255724,0.09225850650833524,26.51169884844534,24.597981497564042,0.06108052232307304,0.018006874157889152,0.10228315804607235,0.1918141770695088,-0.015600787599701293,0.07668130992277433,0.0997097149141706,-0.016830847256118164,0.03557971664155657,-0.05241056389767473,0,0
CVX,2025-12-31,-0.05269582488517088,0.31788498918907115,0.0878633673313386,0.06049752113045188,0.008549066083972198,0.014856529900777689,0.1413126674320704,1.1547009315002845,0.7070850093858944,0.12074244163796402,0.019422120168388825,13.739612188365651,0.23563456876405967,0.1206674383558652,0.11496713040819447,26.504046389089922,24.547266044980802,0.004839219897882385,0.05026482834892865,0.10104425558136998,0.1766873231135253,-0.01714919900467149,0.021988418902553875,0.11473373685833697,0.3708021742534735,-0.04370584558740376,0.41450801984087726,1,1
COP,2024-09-30,,,,,,,,,,,,,,,,,,-0.07078910050011733,-0.18927181884229705,-0.07754608419534992,0.22577354417811576,-0.11907586133906123,0.0482867608389439,0.1386946980293202,-0.07134820830005517,0.028652561032577628,-0.1000007693326328,0,0
COP,2024-12-31,,0.29418375948300085,0.2084152851924698,0.1619837032874403,0.018781560514741814,0.03558861658127045,0.11594722267470273,1.2905806664467172,0.894870053707019,0.18440299723081935,0.045667046750285066,11.76086956521739,0.31307951671817924,0.080078673784771,0.23300084293340825,25.533659972945763,23.379039804594356,-0.09511597492727475,-0.1063049994222095,-0.13302682144744982,0.2663965063709908,-0.12885450541164256,0.03373853048436781,0.12679056892573304,0.06758310292080472,-0.04266863094930573,0.11025173387011045,1,1
COP,2025-03-31,,0.3073802748683175,0.25537325180117454,0.17248895077798632,0.022928839313020102,0.04367086667279806,0.13292932219485892,1.2683622177207592,0.9046261381403476,0.1865211582725707,0.050775025351296535,15.936454849498327,0.3702246170612097,0.1657080583641097,0.20451655869709995,25.545593694563916,23.527655990485364,0.06758310292080472,-0.033961104729392844,-0.16019286652075182,0.26739774662777605,0.11025173387011045,-0.04266863094930573,0.152735245381666,-0.13822366338518,0.10777191871295244,-0.24599558209813244,0,0
COP,2025-06-30,,0.25057126535275637,0.18608968866038275,0.14074550128534705,0.016076803236568,0.030058561581162692,0.11422605404611783,1.2687966502821773,0.8696852315012505,0.18854150523250598,0.03997585624678831,10.226299694189603,0.2488574692944873,0.01421022564981434,0.23464724364467296,25.532184703808404,23.36260884003883,-0.14124919026394023,-0.08834767964309831,-0.1907980568402997,0.4580414058251938,-0.24590105430445808,0.10465186404051785,0.2871056750993482,0.07689684716649192,0.07715462675611473,-0.00025777958962280856,1,0
COP,2025-09-30,,0.24116825227862418,0.1834874592508815,0.1148293526711463,0.014093017179436932,0.02658533955608952,0.12273009340910576,1.3226746606711632,0.8864192967053278,0.18343784701809393,0.04294859233130838,10.236593059936908,0.39105847914310427,0.2003858692036458,0.19067260993945845,25.531148269376192,23.4333805720975,0.009850992808249082,0.009784651835160751,-0.07256771483512048,0.2616925815478993,-0.06683031711452525,0.07668130992277433,0.0997097149141706,-0.011634666643476899,0.03557971664155657,-0.04721438328503347,0,0
COP,2025-12-31,-0.05928631638100568,0.19242831541218638,0.13142174432497014,0.10767622461170848,0.011825584923609345,0.02236109603485974,0.10982540450553145,1.297360507851654,0.8909082450726503,0.1798358195491188,0.053280738730020746,8.741379310344827,0.32243130227001193,0.0966995221027479,0.22573178016726403,25.526786756637986,23.31792335069353,0.01176465113248737,0.016844506586824126,-0.023411517177264085,0.27701201783399726,-0.010223767770066505,0.021988418902553875,0.11473373685833697,0.42107929557391177,-0.04370584558740376,0.46478514116131553,1,1
VZ,2024-12-31,,0.56520276898069,0.207981839074017,0.1402707323225246,0.013009765772229023,0.050434817658736156,0.09274754296081994,0.6256349292121474,2.8632062637927387,0.3155121636761101,0.010901689839905799,4.995133819951338,0.29236848743028504,0.1465485832796166,0.14581990415066842,26.67575824000525,24.297884171171305,-0.098462297538089,0.00021651894198493338,0.09708765451935131,0.2112260523884545,-0.1322008280224568,0.03373853048436781,0.12679056892573304,0.15438291193050646,-0.04266863094930573,0.1970515428798122,1,1
VZ,2025-03-31,,0.610094071972525,0.23825593549350454,0.1457070329998507,0.012827186589687773,0.04844026131331784,0.08803409365765424,0.6116824419480562,2.7633188379897144,0.3181689118844055,0.005933789738250728,4.966299019607843,0.23240256831417053,0.10497237569060773,0.12743019262356278,26.664394525915288,24.234363414308426,0.15438291193050646,0.04071971818311937,0.14530202285223748,0.22691522539977838,0.1970515428798122,-0.04266863094930573,0.152735245381666,-0.030754229298234903,0.10777191871295244,-0.13852614801118734,0,0
VZ,2025-06-30,,0.5975828889404127,0.23684210526315788,0.1449976814282402,0.013052950154584709,0.048543124108554964,0.09002178535554482,0.6373211707573172,2.706344662973133,0.32333381165451297,0.008961999556465814,5.0323367907260526,0.2601147693021099,0.14650475307210759,0.11361001623000232,26.672044674729445,24.264341096291954,-0.031181376925480175,0.11275937017441562,0.10652137627765201,0.25765928734040144,-0.13583324096599803,0.10465186404051785,0.2871056750993482,0.015699366379275492,0.07715462675611473,-0.06145526037683924,1,0
VZ,2025-09-30,,0.6053930989621833,0.23964400816061027,0.14635877117767068,0.012746857706441154,0.04712400753984121,0.08709322716960531,0.7388815204069641,2.684507149521144,0.32608522111291655,0.019843896057744552,4.922475961538462,0.3331066497146743,0.20253688536707962,0.13056976434759468,26.68512390567636,24.24434774828249,0.024561314687010505,-0.005305572365462363,0.04437730377493443,0.15551538753303487,-0.05211999523576383,0.07668130992277433,0.0997097149141706,-0.06312073245369676,0.03557971664155657,-0.09870044909525333,0,0
VZ,2025-12-31,0.01961828424091161,0.5470712734669195,0.1375443225859652,0.06437426129023391,0.005793330002127354,0.022420065096687727,0.08999450845747023,0.9126503126503126,2.857715872104155,0.3451558163351127,0.04711842437255416,2.741330301307561,0.2505153789065721,0.11698414007311508,0.13353123883345702,26.725319124941887,24.317312497289176,-0.04538842292753886,-0.03329435167341277,0.08862751968595539,0.19602898331194255,-0.06737684183009274,0.021988418902553875,0.11473373685833697,0.2538905079189333,-0.04370584558740376,0.29759635350633706,1,1
T,2024-12-31,,0.5604991021115858,0.16533531488017833,0.126323611369125,0.010334477386998315,0.03909094393132258,0.08180954672678226,0.6649598907663424,2.6306863909860883,0.30001139832064744,0.008353702554490305,4.1956652618904275,0.36832001981546847,0.15644931574710508,0.21187070406836336,26.701632479785218,24.198271145753285,0.039312897455725526,0.2471231521838826,0.4017414286969334,0.20638973284184114,0.005574366971357714,0.03373853048436781,0.12679056892573304,0.2577494452795075,-0.04266863094930573,0.3004180762288132,1,1
T,2025-03-31,,0.6070985437210213,0.2043361849408999,0.14206883040553778,0.010946820742350937,0.041939774830351634,0.0770529377281636,0.7037646617637867,2.656809068476249,0.2950156868368946,0.01732219278581618,4.613389626055489,0.2954679030888787,0.15581532031607132,0.13965258277280743,26.708377748726615,24.145115158339426,0.2577494452795075,0.3071952202467765,0.7099593146716239,0.24044099169925653,0.3004180762288132,-0.04266863094930573,0.152735245381666,0.0341997582235507,0.10777191871295244,-0.07357216048940174,1,0
T,2025-06-30,,0.6061205303595163,0.21074982980516743,0.145881285052031,0.01109765691470341,0.04274640930161867,0.07607320507730135,0.809348296098013,2.6798578919370772,0.30347652598947944,0.025892066654993575,4.684592145015106,0.31649755243621747,0.15774629623626285,0.15875125619995462,26.72836451543436,24.152305337836655,0.026937072685856656,0.2973455353315275,0.6042647075537833,0.266095759701112,-0.0777147913546612,0.10465186404051785,0.2871056750993482,-0.020370493798449796,0.07715462675611473,-0.09752512055456453,0,0
T,2025-09-30,,0.6151291152430883,0.1992575466475626,0.30329870721938196,0.022007830572312287,0.08413122809553059,0.0725615706511851,1.0130484816987155,2.659916175886115,0.30266083508776903,0.04790022990787145,7.266470588235294,0.33058712429580905,0.1714481096746882,0.15913901462112084,26.771141435355187,24.1478216081858,0.0074947130803693085,0.007863930557073795,0.3438895969104332,0.1649406669257589,-0.06918659684240502,0.07668130992277433,0.0997097149141706,-0.1134321216603491,0.03557971664155657,-0.14901183830190567,0,0
T,2025-12-31,0.03616322992135834,0.5572222554234149,0.18293193091495846,0.11318950576704716,0.00901479778580574,0.03427030841468159,0.07964340620374205,0.9061361100780959,2.6390851600879377,0.30245027344251996,0.04339382862364885,3.381351200446678,0.3382537500747027,0.13563019183649078,0.2026235582382119,26.763991865707716,24.233795835018793,-0.07043948874525785,-0.10584255924576458,0.1397779328609261,0.19380776358560767,-0.09242790764781172,0.021988418902553875,0.11473373685833697,0.18075197012026778,-0.04370584558740376,0.22445781570767154,1,1
TMUS,2024-09-30,,,,,,,,,,,,,,,,,,0.15030895646646458,0.27296318282802323,0.5048311609338927,0.1840734758127228,0.10202219562752068,0.0482867608389439,0.1386946980293202,0.07315216692453785,0.028652561032577628,0.044499605891960226,1,1
TMUS,2024-12-31,,,,,,,,,,,,,,,,,,0.06461912730734576,0.23994618382678956,0.38340012677171775,0.23031442374922578,0.030880596822977946,0.03373853048436781,0.12679056892573304,0.21234738323695956,-0.04266863094930573,0.2550160141862653,1,1
TMUS,2025-03-31,,0.645695681317629,0.2298190175237001,0.14138657473905966,0.013758368936743185,0.04832665084690287,0.09731029245269833,1.1613271826992255,2.5125276163980033,0.3612212474316624,0.05592336686343666,5.189956331877729,0.32782725270516133,,,26.092195429785047,23.76234491500377,0.21234738323695956,0.2906882131350763,0.6627013532182411,0.2694424488756629,0.2550160141862653,-0.04266863094930573,0.152735245381666,-0.10337296368795057,0.10777191871295244,-0.211144882400903,0,0
TMUS,2025-06-30,,0.6509558962710581,0.2466874881696006,0.1524701873935264,0.015152156431201592,0.052727183465069466,0.09937783044821602,1.2112930956474528,2.4798468260592075,0.3598284448582836,0.04824518089003635,5.642082429501085,0.33087261025932235,,,26.08288054016397,23.77405431624848,-0.10948323560493722,0.09296539138624471,0.34905491967506697,0.3345828395836573,-0.21413509964545507,0.10465186404051785,0.2871056750993482,0.0022610212781311034,0.07715462675611473,-0.07489360547798363,1,0
TMUS,2025-09-30,,0.6481304367627636,0.21897344810311062,0.12360522840096552,0.012496546643337323,0.04487656464441027,0.10110046965650613,0.8930908193078474,2.591117284256825,0.35851827976793443,0.015240814071277281,4.818181818181818,0.33961834494694176,,,26.103992339735164,23.81235183223361,0.011809068020541824,-0.09996520583707713,0.17652914487206384,0.219510816527639,-0.06487224190223251,0.07668130992277433,0.0997097149141706,-0.14714489894898708,0.03557971664155657,-0.18272461559054365,0,0
TMUS,2025-12-31,,0.5778745787786636,0.15353004027286923,0.08642228980027944,0.009592358954008676,0.035521848554971876,0.11099403841504855,0.9984081632653061,2.703140043578873,0.37013369093720494,0.025534011138630797,3.6037549407114624,0.2734445631626531,,,26.11341917339633,23.91514038631167,-0.1133835122678798,-0.14947005144893366,-0.06579176453591074,0.20570278924393073,-0.13537193117043367,0.021988418902553875,0.11473373685833697,0.03940064426180867,-0.04370584558740376,0.08310648984921243,1,1
CMCSA,2024-09-30,,,,,,,,,,,,,,,,,,0.10356646343000109,0.014016381646710485,-0.0338103235829581,0.2149996355691126,0.05527970259105719,0.0482867608389439,0.1386946980293202,-0.09815536179509832,0.028652561032577628,-0.12680792282767595,0,0
CMCSA,2024-12-31,,,,,,,,,,,,,,,,,,-0.09128332998358624,-0.00129196826014788,-0.12062420859629042,0.27711093358435146,-0.12502186046795405,0.03373853048436781,0.12679056892573304,-0.008519820563086866,-0.04266863094930573,0.034148810386218864,0,1
CMCSA,2025-03-31,,0.7184394552815605,0.18934653862883527,0.11292535215980191,0.012604100534040407,0.03895519287148826,0.1116144452328491,0.6453396337861784,2.083035157782959,0.3446017104231243,0.032090973596743476,5.278095238095238,0.27751196172248804,0.18134975072774115,0.09616221099474688,26.313394240029908,24.120689440188993,-0.008519820563086866,-0.09902543295481192,-0.09945228285926178,0.3280613417681009,0.034148810386218864,-0.04266863094930573,0.152735245381666,-0.024020288663588407,0.10777191871295244,-0.13179220737654085,0,0
CMCSA,2025-06-30,,0.7500742255797842,0.19770395539867383,0.3669382773067661,0.04061712616395837,0.11484651681448824,0.11069198466313675,0.9133115249119276,1.821271850574594,0.34985576045280264,0.03537337958736535,14.255203619909503,0.25781018045063175,0.14851713786164353,0.10929304258898823,26.33584634817614,24.134842500353436,-0.019236216271122375,-0.029490990170286113,-0.033583540081303265,0.27555236477193235,-0.12388808031164023,0.10465186404051785,0.2871056750993482,-0.10959209221840538,0.07715462675611473,-0.1867467189745201,0,0
CMCSA,2025-09-30,,0.7225783704083595,0.17735111225078531,0.10680171805884993,0.012205351746368982,0.034321854945869944,0.11428048132749684,0.8824230933887836,1.8063163749858366,0.34143848788439346,0.034158134764372974,4.960992907801418,0.27863965638823,0.15850375024040003,0.12013590614782999,26.332719316945333,24.163619827143087,-0.12308124986487257,-0.11231754382772197,-0.2217805224858621,0.20210139612661568,-0.1997625597876469,0.07668130992277433,0.0997097149141706,-0.039240887703903216,0.03557971664155657,-0.07482060434545978,0,0
CMCSA,2025-12-31,,0.6810584958217271,0.10789229340761375,0.06709996904982977,0.007952140438908267,0.022372888352269797,0.1185118346776412,0.8819651592888677,1.8085611384580458,0.34104338831607556,0.03477594257439543,2.9174067495559504,0.2736304549675023,0.1351903435468895,0.13844011142061283,26.331385069479122,24.198642616782816,-0.01677637391689657,-0.16067619419614532,-0.17348156315898722,0.2431830767075753,-0.038764792819450444,0.021988418902553875,0.11473373685833697,0.0368914663122486,-0.04370584558740376,0.08059731189965236,1,1
PEP,2024-09-30,,,,,,,,,,,,,,,,,,0.047468380554258394,0.017774429306528283,0.036476569489834576,0.1625513797873185,-0.0008183802846855048,0.0482867608389439,0.1386946980293202,-0.10019486121669285,0.028652561032577628,-0.12884742224927048,0,0
PEP,2025-03-31,,0.5576762096099113,0.14414866901054746,0.10234946146548357,0.01802687321230231,0.09973353635325466,0.1761306112820311,0.834248357716353,4.524879003752243,0.3874598228766329,0.08126836844019383,9.871212121212121,-0.05429990512863441,-0.0879513365701211,0.03365143144148669,25.34565688897882,23.60912743936469,-0.005223623344875139,-0.10024368057084565,-0.10436242720937994,0.22195694913322608,0.03744500760443059,-0.04266863094930573,0.152735245381666,-0.10971844864685787,0.10777191871295244,-0.2174903673598103,0,0
PEP,2025-06-30,,0.5465986095221332,0.1605649916395318,0.05557511220628355,0.011989178413783283,0.06857422087088717,0.21572927049219232,0.7750851741949665,4.712020849169291,0.37332573923774265,0.07243817931558214,7.042307692307692,0.0866408518877057,0.04686262430696119,0.03977822758074452,25.380506515225505,23.84677548044223,-0.10811233511285556,-0.10346156974050402,-0.15986304732975454,0.23504354883071082,-0.2127641991533734,0.10465186404051785,0.2871056750993482,0.07195684327523066,0.07715462675611473,-0.005197783480884066,1,0
PEP,2025-09-30,,0.5357396499143585,0.15465597192630656,0.10874378577098216,0.02442801103624317,0.13425830410563236,0.22463822519191426,0.9118384710625734,4.488085413657933,0.4139811182642317,0.07625893879389628,13.617424242424242,0.1868237456657058,0.14538162677027197,0.041442118895433845,25.391955274793585,23.898691215940666,0.03908154729268176,-0.052851212964908356,-0.14219902810570628,0.22304970405038566,-0.03759976263009257,0.07668130992277433,0.0997097149141706,0.03710343629050872,0.03557971664155657,0.0015237196489521487,1,1
PEP,2025-12-31,,0.5323245748560134,0.12122141566983607,0.08656238285110589,0.02365012709615546,0.12447319415858081,0.27321483440255495,0.8530399218654621,4.256199157110654,0.3940539483607855,0.0852801236510582,10.00900900900901,0.22557339058719286,0.16027672698769724,0.06529666359949562,25.399816707990862,24.102319853922875,0.0183666591838485,0.08096802029832939,-0.01844493284740112,0.18874193436781458,-0.003621759718705375,0.021988418902553875,0.11473373685833697,0.0916762233574282,-0.04370584558740376,0.13538206894483196,1,1
KO,2024-09-30,,,,,,,,,,,,,,,,,,0.14572665768603987,0.2186870865130106,0.33530098722762314,0.129477207226919,0.09743989684709597,0.0482867608389439,0.1386946980293202,-0.13024662581666913,0.028652561032577628,-0.15889918684924675,0,0
KO,2024-12-31,,0.6003984753984754,0.24818087318087317,0.19014206514206514,0.021830152462978248,0.08830865786932733,0.11480969477568151,1.0296249356410154,2.98426939169617,0.4214363146326667,0.1076887885508558,7.510440835266821,0.34225571725571724,0.2726957726957727,0.06955994455994456,25.333911007814773,23.16943165841798,-0.11657195425660472,-0.009374425494148908,0.07257636176005544,0.13894030883874017,-0.15031048474097253,0.03373853048436781,0.12679056892573304,0.158826341865429,-0.04266863094930573,0.20149497281473472,1,1
KO,2025-03-31,,0.6259322490789828,0.3340821277742834,0.29921825860364815,0.03273821227732117,0.12708953514998855,0.10941248181210429,1.099546370967742,2.822761621250286,0.42795627039993706,0.08275000983129498,11.483204134366925,-0.46742744181867196,-0.49519273968910055,0.02776529787042861,25.345450453093633,23.1328201509377,0.158826341865429,0.02373969055014369,0.21559104811482377,0.18260970983657124,0.20149497281473472,-0.04266863094930573,0.152735245381666,-0.00512390994282963,0.10777191871295244,-0.11289582865578207,0,0
KO,2025-06-30,,0.623932987634623,0.34455524531312326,0.3039489429597128,0.03651768855491551,0.13328668882280917,0.1201441538151879,1.2125865840320817,2.5940528249081685,0.4310812494608609,0.09191722657260885,11.77752808988764,0.30402871958516153,0.26876745113681694,0.03526126844834464,25.370853543925172,23.251790568556668,-0.008584495934355507,0.16071872405704735,0.15074406132604778,0.19155695824543756,-0.11323635997487336,0.10465186404051785,0.2871056750993482,-0.05941382109261717,0.07715462675611473,-0.1365684478487319,0,0
KO,2025-09-30,,0.6148534725010036,0.3221196306704135,0.2967482938578884,0.034853128388891506,0.1182833552020994,0.11745013909189495,1.2110316014045068,2.329119595481166,0.4071573388655759,0.12006223772926587,11.698209718670077,0.4048976314733039,0.3664391810517864,0.038458450421517465,25.387129369273723,23.245387985660553,-0.05755736861881089,-0.08029841997556653,-0.049336474003092046,0.12888592893952974,-0.13423867854158522,0.07668130992277433,0.0997097149141706,0.06533167170489707,0.03557971664155657,0.029751955063340496,1,1
KO,2025-12-31,0.02408177408177492,0.6004906107257655,0.2420910167484351,0.19209947555405177,0.021666539459624486,0.0705959153222046,0.1127881239505419,1.4587660354306657,2.1928253909042867,0.4018375057243169,0.09798122424057396,7.872389791183295,0.3177127389612587,0.24310607342243276,0.07460666553882592,25.375472268935933,23.19322803934859,0.06506869715496566,-0.005733003406589443,0.15600031908347844,0.1510900376852208,0.043080278252411786,0.021988418902553875,0.11473373685833697,0.09530706976674685,-0.04370584558740376,0.1390129153541506,1,1
PG,2024-12-31,,,,,,,,,,,,,,,,,,-0.019103558346439842,0.026874295930494174,0.15519512630998933,0.1494199781903893,-0.052842088830807654,0.03373853048436781,0.12679056892573304,0.022721009983601936,-0.04266863094930573,0.06538964093290767,1,1
PG,2025-03-31,,0.5098098705501618,0.23048139158576053,0.19058454692556634,0.030646262928511026,0.07210361187633915,0.1608014050608209,0.7134723195515067,1.3475474441383533,0.19719638326936836,0.07412346321472713,22.47926267281106,0.1873483009708738,0.14391181229773461,0.04343648867313916,25.53532010255671,23.707734918221693,0.022721009983601936,0.0031833994972503277,0.08746351424208254,0.1922633273078492,0.06538964093290767,-0.04266863094930573,0.152735245381666,-0.059305917495188654,0.10777191871295244,-0.1670778362081411,0,0
PG,2025-06-30,,0.49107185600076597,0.20843506151563024,0.1730575901192015,0.028866654422626984,0.06950319157117588,0.16680374667614248,0.7041987908369849,1.4025032684765055,0.19959115554455367,0.07630698469228865,22.32547169811321,0.23864234764708697,0.19096175020345638,0.047680597443630617,25.553425868797504,23.762488541574932,-0.06007812960156533,-0.02825259753776077,0.0030402811807948016,0.21149701787342454,-0.16472999364208318,0.10465186404051785,0.2871056750993482,-0.029751799027217363,0.07715462675611473,-0.10690642578333209,0,0
PG,2025-09-30,,0.5136692575716966,0.26159206647011524,0.2121861877959439,0.03722599706894255,0.08916838746010888,0.17544024639691533,0.7137254901960784,1.3900506851886616,0.19055791973291328,0.08754770805413835,31.629441624365484,0.2415795586527294,0.18797462699901724,0.05360493165371214,25.572158370835794,23.83170160041349,-0.04031795507215019,-0.09701808992460015,-0.09044415519474103,0.14597473124464463,-0.11699926499492452,0.07668130992277433,0.0997097149141706,-0.052515618256894214,0.03557971664155657,-0.08809533489845078,0,0
PG,2025-12-31,,0.5121577809798271,0.24162463976945245,0.1944794668587896,0.03393146143330767,0.08142757489489263,0.1744732335056487,0.7244884056786288,1.3945626967817348,0.20094118756186855,0.08504470248102698,25.64090909090909,0.22388328530259366,0.17133465417867436,0.05254863112391931,25.569702360028298,23.823718421270804,-0.05089018525992495,-0.09656737586437347,-0.12259902199167938,0.16403781810528345,-0.07287860416247882,0.021988418902553875,0.11473373685833697,0.015040968326348159,-0.04370584558740376,0.058746813913751916,1,1
CL,2024-09-30,,,,,,,,,,,,,,,,,,0.08551384430805387,0.19120020412748762,0.5018175118082198,0.14994711179350412,0.03722708346910997,0.0482867608389439,0.1386946980293202,-0.12104991770737672,0.028652561032577628,-0.14970247873995435,0,0
CL,2024-12-31,,0.6030333670374115,0.2275025278058645,0.14944388270980788,0.046055091611616604,3.4858490566037736,0.3081764925838215,0.9232505643340858,73.12264150943396,0.45425651252648636,0.06830362707216751,,0.25662285136501517,0.21941354903943378,0.037209302325581395,23.498725434277876,22.321642802021085,-0.10479696783193859,-0.053781474135617846,0.1510761743626028,0.17078693314344917,-0.1385354983163064,0.03373853048436781,0.12679056892573304,0.03653317886349283,-0.04266863094930573,0.07920180981279856,1,1
CL,2025-03-31,,0.6082264304622277,0.21909997963754835,0.14050091631032377,0.041448909713461886,1.9008264462809918,0.29500810956929174,0.8473983384346305,43.84022038567493,0.39472577641617107,0.0667988226106806,15.43939393939394,0.12217470983506414,0.09692526980248421,0.025249440032579923,23.535495856958285,22.31474342400352,0.03653317886349283,-0.0720923553386017,0.07497673542200745,0.22396977344141444,0.07920180981279856,-0.04266863094930573,0.152735245381666,-0.024456479308613166,0.10777191871295244,-0.1322283980215656,0,0
CL,2025-06-30,,0.600587084148728,0.21135029354207435,0.14540117416829745,0.04253005151688609,1.0584045584045585,0.2925014310246136,0.8850184501845019,23.387464387464387,0.4089295935890097,0.06954779622209502,15.183098591549296,0.17299412915851273,0.1518590998043053,0.021135029354207437,23.583750961092377,22.354465241162025,-0.026534399833800792,0.015203418416937842,-0.028077509371938314,0.24212219908350674,-0.13118626387431864,0.10465186404051785,0.2871056750993482,-0.1102078690230417,0.07715462675611473,-0.18736249577915642,0,0
CL,2025-09-30,,0.5942311440265056,0.2063925160787371,0.1432469304229195,0.04196882315993833,0.8586448598130841,0.2929823559641409,0.9296490147783252,19.01285046728972,0.41717581225375433,0.07303146234226003,15.805970149253731,0.24576106022217892,0.2155525238744884,0.03020853634769051,23.586209299236938,22.35856640890624,-0.12966070156915244,-0.15761299335152723,-0.21265622330352785,0.17136981096625678,-0.20634201149192677,0.07668130992277433,0.0997097149141706,0.003556117202464071,0.03557971664155657,-0.0320235994390925,1,0
CL,2025-12-31,0.05763397371082091,0.6015296367112811,0.1948374760994264,-0.007074569789674952,-0.00226576852418861,-0.6851851851851852,0.320269442743417,0.8330658105939005,295.64814814814815,0.4207593386405389,0.07887323943661972,2.6875,0.2778202676864245,0.2439770554493308,0.03384321223709369,23.516269743928785,22.377677115023243,0.01583180629604386,-0.1374563898993607,-0.10977174018124103,0.18907328013463087,-0.006156612606510015,0.021988418902553875,0.11473373685833697,0.08519248602073892,-0.04370584558740376,0.12889833160814268,1,1
